School Name,School Type,TOTAL_Enrollment,First Language Not English,Students With Disabilities,Percent Students With Disabilities,High Needs,Percent High Needs,Economically Disadvantaged,Percent Economically Disadvantaged,Percent African American,Percent Asian,Percent Hispanic,Percent White,Percent Native American,"Percent Native Hawaiian, Pacific Islander","Percent Multi-Race, Non-Hispanic",Percent Males,Percent Females,Average Class Size,Percent Graduated,Percent Non-Grad Completers,Percent GED,Percent Dropped Out,High School Graduates (#),Attending Coll./Univ. (#),Percent Attending College,Percent Private Two-Year,Percent Private Four-Year,Percent Public Two-Year,Percent Public Four-Year,Percent MA Community College,Percent MA State University,Percent UMass,AP_Test Takers,AP_Tests Taken,AP_One Test,AP_Two Tests,AP_Three Tests,AP_Four Tests,AP_Five or More Tests,AP_Score=1,AP_Score=2,AP_Score=3,AP_Score=4,AP_Score=5,Percent AP_Score 1-2,Percent AP_Score 3-5,SAT_Tests Taken,Average SAT_Reading,Average SAT_Writing,Average SAT_Math
Abington High,Public School,452,24.0,44.0,9.7,130.0,28.8,97.0,21.5,2.2,1.5,9.1,85.8,0.2,0.2,0.9,45.6,54.4,15.8,94.7,0.0,0.9,3.5,124.0,94.0,75.8,1.1,22.3,30.9,45.7,30.9,19.1,9.6,70,123,31.0,27.0,11.0,0.0,1.0,8.0,46.0,40.0,20.0,9.0,43.9,56.1,98.0,520.0,498.0,516.0
Agawam High,Public School,1222,56.0,172.0,14.1,391.0,32.0,277.0,22.7,1.2,2.2,5.8,88.8,0.0,0.1,1.9,52.0,48.0,16.8,94.2,0.0,0.3,3.7,288.0,235.0,81.6,0.0,34.5,34.0,31.5,33.2,15.7,8.5,242,452,124.0,59.0,34.0,22.0,3.0,28.0,124.0,155.0,105.0,40.0,33.6,66.4,234.0,496.0,475.0,514.0
Amesbury High,Public School,594,17.0,101.0,17.0,154.0,25.9,87.0,14.6,1.3,1.2,4.2,90.7,0.0,0.0,2.5,53.5,46.5,16.7,93.9,0.0,0.6,1.2,124.0,90.0,72.6,0.0,24.4,35.6,40.0,35.6,6.7,15.6,104,137,72.0,31.0,1.0,0.0,0.0,4.0,22.0,37.0,43.0,31.0,19.0,81.0,115.0,531.0,518.0,534.0
Andover High,Public School,1806,172.0,290.0,16.1,377.0,20.9,113.0,6.3,1.9,14.5,5.0,76.3,0.1,0.0,2.2,48.9,51.1,14.7,95.7,0.0,0.5,0.5,413.0,369.0,89.3,0.0,56.4,7.6,36.0,7.3,3.5,13.8,458,843,194.0,177.0,63.0,16.0,8.0,51.0,134.0,204.0,233.0,221.0,21.9,78.1,393.0,566.0,562.0,581.0
Arlington High,Public School,1290,160.0,143.0,11.1,267.0,20.7,133.0,10.3,4.1,10.7,5.7,75.6,0.0,0.2,3.7,49.1,50.9,14.3,98.1,0.3,0.0,1.3,306.0,260.0,85.0,0.0,53.5,9.6,36.9,8.5,4.6,19.6,371,763,135.0,120.0,86.0,23.0,7.0,30.0,76.0,196.0,241.0,220.0,13.9,86.1,271.0,581.0,576.0,592.0
Ashland High,Public School,744,84.0,98.0,13.2,170.0,22.8,77.0,10.3,2.0,9.0,9.4,77.2,0.3,0.0,2.2,48.8,51.2,14.6,95.1,1.6,1.6,1.1,162.0,142.0,87.7,0.0,34.5,9.9,55.6,9.9,17.6,17.6,162,312,80.0,36.0,31.0,10.0,5.0,3.0,14.0,62.0,106.0,127.0,5.4,94.6,160.0,549.0,530.0,576.0
Attleboro High,Public School,1671,170.0,238.0,14.2,593.0,35.5,428.0,25.6,5.5,4.1,12.5,73.6,0.3,0.2,3.8,54.2,45.8,18.1,91.0,1.0,0.5,4.1,358.0,266.0,74.3,0.0,35.3,31.6,33.1,29.3,14.7,11.3,309,520,164.0,89.0,48.0,6.0,2.0,70.0,128.0,146.0,117.0,59.0,38.1,61.9,299.0,494.0,490.0,504.0
Auburn Senior High,Public School,795,45.0,76.0,9.6,189.0,23.8,121.0,15.2,2.1,4.3,6.4,84.0,0.4,0.0,2.8,48.1,51.9,17.3,96.9,0.6,0.6,0.6,158.0,125.0,79.1,0.0,33.6,18.4,48.0,17.6,24.8,14.4,250,380,148.0,74.0,28.0,0.0,0.0,79.0,123.0,106.0,47.0,25.0,53.2,46.8,134.0,488.0,477.0,505.0
Avon Middle High School,Public School,319,23.0,52.0,16.3,111.0,34.8,76.0,23.8,37.3,5.6,4.7,48.3,0.6,0.0,3.4,48.3,51.4,13.3,83.3,2.1,0.0,6.3,41.0,36.0,87.8,0.0,19.4,30.6,50.0,30.6,22.2,27.8,21,27,16.0,4.0,1.0,0.0,0.0,3.0,14.0,7.0,3.0,0.0,63.0,37.0,33.0,467.0,451.0,481.0
Barnstable High,Public School,1866,203.0,227.0,12.2,680.0,36.4,475.0,25.5,8.4,2.8,11.5,72.2,0.9,0.4,3.7,48.7,51.3,15.3,84.6,2.3,0.5,7.6,339.0,256.0,75.5,0.0,31.3,34.8,34.0,34.4,10.2,12.5,475,906,253.0,102.0,67.0,28.0,25.0,152.0,212.0,278.0,156.0,108.0,40.2,59.8,261.0,505.0,489.0,513.0
Bedford High,Public School,888,85.0,142.0,16.0,202.0,22.7,69.0,7.8,7.8,11.4,6.4,68.7,0.0,0.6,5.2,50.6,49.4,12.3,95.2,0.0,0.5,1.4,224.0,205.0,91.5,0.0,42.4,17.6,40.0,15.1,6.3,13.2,132,249,53.0,48.0,27.0,2.0,2.0,3.0,18.0,50.0,73.0,105.0,8.4,91.6,171.0,566.0,550.0,572.0
Belchertown High,Public School,710,17.0,85.0,12.0,157.0,22.1,96.0,13.5,2.0,2.0,4.1,90.3,0.1,0.1,1.4,50.3,49.7,14.0,91.6,0.0,3.4,2.2,169.0,152.0,89.9,0.0,42.8,23.7,33.6,23.0,9.9,11.8,60,80,43.0,15.0,1.0,1.0,0.0,5.0,7.0,19.0,25.0,24.0,15.0,85.0,114.0,544.0,531.0,544.0
Bellingham High School,Public School,739,22.0,143.0,19.4,234.0,31.7,115.0,15.6,1.8,3.1,5.3,88.4,0.3,0.0,1.2,54.5,45.5,18.3,94.3,0.6,1.3,0.6,174.0,122.0,70.1,0.0,29.5,18.0,52.5,13.1,29.5,15.6,101,190,46.0,31.0,15.0,8.0,1.0,38.0,57.0,47.0,28.0,20.0,50.0,50.0,106.0,515.0,480.0,518.0
Belmont High,Public School,1264,209.0,72.0,5.7,181.0,14.3,82.0,6.5,4.6,16.8,3.5,69.9,0.0,0.1,5.2,46.9,53.1,19.2,97.8,0.0,1.3,0.6,275.0,237.0,86.2,0.0,66.7,4.6,28.7,3.8,3.4,12.2,467,"1,033",162.0,142.0,90.0,53.0,20.0,16.0,62.0,186.0,331.0,438.0,7.6,92.4,286.0,587.0,584.0,610.0
Beverly High,Public School,1285,53.0,227.0,17.7,452.0,35.2,306.0,23.8,3.0,2.7,10.8,81.2,0.0,0.2,2.2,49.8,50.2,18.9,90.8,0.3,0.9,3.2,316.0,242.0,76.6,0.4,28.9,25.2,45.5,24.0,16.1,12.4,226,362,136.0,57.0,22.0,9.0,2.0,45.0,84.0,124.0,65.0,44.0,35.6,64.4,241.0,517.0,511.0,523.0
Billerica Memorial High School,Public School,1376,94.0,205.0,14.9,367.0,26.7,209.0,15.2,2.3,6.4,4.6,84.3,0.1,0.3,2.0,49.9,50.1,17.7,92.4,0.0,2.2,3.5,334.0,255.0,76.3,0.0,26.3,22.4,51.4,22.4,13.7,22.4,215,425,96.0,59.0,38.0,13.0,9.0,47.0,83.0,120.0,111.0,64.0,30.6,69.4,239.0,521.0,516.0,540.0
Another Course To College,Public School,223,107.0,49.0,22.0,163.0,73.1,137.0,61.4,43.0,5.8,39.9,7.2,0.4,0.4,3.1,49.3,50.7,16.8,96.2,0.0,0.0,1.9,43.0,35.0,81.4,0.0,42.9,25.7,31.4,25.7,11.4,17.1,31,36,26.0,5.0,0.0,0.0,0.0,24.0,10.0,2.0,0.0,0.0,94.4,5.6,47.0,377.0,395.0,407.0
Boston Arts Academy,Public School,447,160.0,60.0,13.4,247.0,55.3,195.0,43.6,40.5,4.5,39.4,12.5,0.0,0.0,3.1,36.2,63.8,14.6,89.8,0.0,1.0,3.1,81.0,63.0,77.8,1.6,46.0,19.0,33.3,19.0,12.7,9.5,15,18,12.0,3.0,0.0,0.0,0.0,14.0,4.0,0.0,0.0,0.0,100.0,0.0,99.0,437.0,427.0,435.0
Boston Community Leadership Academy,Public School,500,305.0,110.0,22.0,386.0,77.2,280.0,56.0,36.0,4.8,51.2,5.8,0.4,0.0,1.8,51.2,48.8,16.5,89.3,0.0,1.6,3.3,109.0,89.0,81.7,0.0,36.0,37.1,27.0,36.0,12.4,13.5,143,252,66.0,48.0,26.0,3.0,0.0,127.0,79.0,27.0,13.0,6.0,81.7,18.3,105.0,396.0,390.0,431.0
Boston International High School,Public School,378,378.0,16.0,4.2,376.0,99.5,228.0,60.3,47.4,3.4,45.5,1.9,0.0,0.8,1.1,51.9,48.1,15.3,55.6,2.8,0.0,18.1,53.0,40.0,75.5,0.0,42.5,17.5,40.0,17.5,17.5,22.5,22,32,12.0,10.0,0.0,0.0,0.0,12.0,6.0,4.0,6.0,4.0,56.3,43.8,68.0,313.0,305.0,347.0
Boston Latin,Public School,2403,785.0,50.0,2.1,499.0,20.8,377.0,15.7,8.0,29.0,12.1,46.9,0.1,0.0,3.8,45.1,54.9,25.8,98.1,0.0,0.0,0.2,356.0,335.0,94.1,0.0,59.7,1.5,38.8,1.5,2.7,28.1,"1,037","2,093",444.0,275.0,195.0,101.0,22.0,84.0,278.0,615.0,640.0,476.0,17.3,82.7,407.0,629.0,614.0,647.0
Boston Latin Academy,Public School,1698,706.0,50.0,2.9,622.0,36.6,538.0,31.7,22.7,21.9,22.6,29.3,0.4,0.2,2.9,41.9,58.1,17.9,96.9,0.0,0.4,0.8,264.0,243.0,92.0,0.0,43.2,7.4,49.4,7.4,9.1,37.9,449,706,260.0,135.0,43.0,8.0,3.0,119.0,232.0,211.0,97.0,47.0,49.7,50.3,259.0,526.0,527.0,557.0
Brighton High,Public School,811,481.0,193.0,23.8,699.0,86.2,495.0,61.0,44.3,3.1,45.7,5.4,0.4,0.1,1.0,60.3,39.7,17.8,62.0,0.0,3.5,19.4,198.0,131.0,66.2,0.8,17.6,48.9,32.8,47.3,9.2,22.1,88,132,53.0,27.0,7.0,1.0,0.0,93.0,34.0,4.0,1.0,0.0,96.2,3.8,127.0,357.0,352.0,392.0
Charlestown High,Public School,910,563.0,230.0,25.3,795.0,87.4,572.0,62.9,33.1,17.0,43.5,5.2,0.1,0.0,1.1,60.1,39.9,15.2,53.9,2.8,1.4,19.8,139.0,91.0,65.5,0.0,33.0,35.2,31.9,34.1,7.7,20.9,104,154,61.0,36.0,7.0,0.0,0.0,77.0,37.0,19.0,9.0,12.0,74.0,26.0,121.0,346.0,349.0,433.0
Community Academy of Science and Health,Public School,365,167.0,132.0,36.2,316.0,86.6,244.0,66.8,69.6,3.3,23.3,2.2,0.0,0.0,1.6,54.0,46.0,16.6,75.7,0.9,0.9,3.6,74.0,39.0,52.7,0.0,10.3,69.2,20.5,66.7,2.6,15.4,63,117,26.0,20.0,17.0,0.0,0.0,89.0,23.0,3.0,2.0,0.0,95.7,4.3,82.0,337.0,340.0,374.0
East Boston High,Public School,1496,1147.0,230.0,15.4,1200.0,80.2,688.0,46.0,6.9,1.3,77.7,12.8,0.6,0.0,0.8,56.7,43.3,17.7,67.7,0.3,1.2,12.7,254.0,143.0,56.3,0.0,26.6,46.2,27.3,44.1,11.2,15.4,213,307,145.0,47.0,16.0,5.0,0.0,187.0,77.0,28.0,12.0,3.0,86.0,14.0,170.0,384.0,389.0,415.0
Excel High School,Public School,525,283.0,144.0,27.4,443.0,84.4,339.0,64.6,37.7,21.9,28.8,9.7,0.4,0.4,1.1,61.9,38.1,17.0,66.3,0.0,1.8,18.7,126.0,90.0,71.4,0.0,16.7,55.6,27.8,53.3,4.4,23.3,58,80,38.0,18.0,2.0,0.0,0.0,48.0,17.0,12.0,1.0,2.0,81.3,18.8,88.0,345.0,359.0,405.0
Jeremiah E Burke High,Public School,489,243.0,59.0,12.1,404.0,82.6,299.0,61.1,72.8,0.6,22.5,3.3,0.0,0.0,0.8,51.9,48.1,18.2,74.0,0.0,1.2,15.4,136.0,62.0,45.6,0.0,22.6,58.1,19.4,54.8,6.5,11.3,76,105,47.0,29.0,0.0,0.0,0.0,80.0,20.0,5.0,0.0,0.0,95.2,4.8,86.0,355.0,347.0,380.0
New Mission High School,Public School,320,104.0,52.0,16.3,195.0,60.9,170.0,53.1,65.0,0.3,31.6,1.3,0.6,0.0,1.3,50.9,49.1,16.5,98.7,0.0,1.3,0.0,57.0,51.0,89.5,0.0,58.8,15.7,25.5,15.7,11.8,11.8,108,227,28.0,45.0,32.0,2.0,1.0,134.0,70.0,15.0,7.0,1.0,89.9,10.1,79.0,397.0,404.0,428.0
O'Bryant School Math/Science,Public School,1437,762.0,50.0,3.5,747.0,52.0,643.0,44.7,32.8,22.5,30.8,11.1,0.4,0.1,2.2,44.3,55.7,22.3,95.6,0.0,0.4,1.6,253.0,224.0,88.5,0.0,39.3,14.3,46.4,14.3,9.4,34.4,400,694,161.0,186.0,51.0,2.0,0.0,179.0,238.0,166.0,68.0,43.0,60.1,39.9,240.0,482.0,482.0,527.0
TechBoston Academy,Public School,972,441.0,215.0,22.1,794.0,81.7,647.0,66.6,65.9,3.8,24.2,2.9,0.4,0.2,2.6,55.5,44.5,17.3,84.3,0.0,0.7,5.2,118.0,84.0,71.2,0.0,28.6,46.4,25.0,45.2,9.5,15.5,61,100,24.0,35.0,2.0,0.0,0.0,34.0,32.0,22.0,4.0,8.0,66.0,34.0,114.0,365.0,370.0,402.0
The English High,Public School,553,300.0,109.0,19.7,457.0,82.6,361.0,65.3,41.6,1.6,53.9,2.0,0.4,0.0,0.5,55.7,44.3,15.1,58.7,0.7,1.4,28.3,93.0,53.0,57.0,1.9,15.1,56.6,26.4,52.8,11.3,13.2,36,56,23.0,7.0,5.0,1.0,0.0,39.0,11.0,4.0,2.0,0.0,89.3,10.7,66.0,333.0,333.0,362.0
Urban Science Academy,Public School,432,161.0,113.0,26.2,299.0,69.2,238.0,55.1,50.9,1.4,36.3,8.3,0.2,0.0,2.8,60.0,40.0,15.3,70.0,0.0,0.8,11.7,88.0,50.0,56.8,0.0,26.0,54.0,20.0,52.0,8.0,10.0,72,98,50.0,19.0,2.0,1.0,0.0,64.0,27.0,6.0,1.0,0.0,92.9,7.1,60.0,387.0,380.0,401.0
West Roxbury Academy,Public School,496,254.0,106.0,21.4,393.0,79.2,295.0,59.5,47.4,2.0,37.7,10.5,0.6,0.2,1.6,53.4,46.6,18.0,73.6,0.0,0.6,12.3,124.0,78.0,62.9,1.3,19.2,50.0,29.5,46.2,12.8,16.7,61,111,24.0,24.0,13.0,0.0,0.0,104.0,7.0,0.0,0.0,0.0,100.0,0.0,94.0,360.0,354.0,372.0
Bourne High School,Public School,436,5.0,73.0,16.7,142.0,32.6,108.0,24.8,1.6,2.1,4.4,87.6,0.0,0.2,4.1,50.5,49.5,16.4,91.9,0.7,0.0,2.7,113.0,77.0,68.1,0.0,26.0,48.1,26.0,48.1,15.6,5.2,96,196,32.0,35.0,24.0,3.0,2.0,26.0,51.0,60.0,45.0,14.0,39.3,60.7,104.0,499.0,490.0,508.0
Braintree High,Public School,1755,198.0,371.0,21.1,606.0,34.5,314.0,17.9,5.9,13.1,3.7,76.3,0.1,0.1,0.8,50.0,50.0,16.1,95.2,0.3,1.3,1.8,388.0,337.0,86.9,0.0,37.7,13.6,48.7,13.4,18.7,18.7,311,678,125.0,74.0,63.0,29.0,20.0,32.0,68.0,175.0,237.0,166.0,14.7,85.3,338.0,518.0,510.0,541.0
Brockton High,Public School,4264,1973.0,509.0,11.9,2646.0,62.1,1997.0,46.8,62.2,2.6,12.5,18.8,0.4,0.2,3.4,50.5,49.5,20.4,89.9,2.4,0.0,3.0,897.0,682.0,76.0,0.7,19.1,49.0,31.2,48.4,13.9,15.1,315,437,220.0,70.0,23.0,2.0,0.0,116.0,177.0,88.0,44.0,12.0,67.0,33.0,623.0,440.0,428.0,453.0
Brookline High,Public School,2009,572.0,326.0,16.2,563.0,28.0,235.0,11.7,7.6,16.7,10.4,57.2,0.0,0.0,8.0,50.2,49.8,14.3,93.4,0.0,0.9,1.8,451.0,365.0,80.9,0.0,65.5,7.4,27.1,6.3,2.5,14.8,405,811,175.0,105.0,90.0,24.0,11.0,5.0,39.0,133.0,263.0,371.0,5.4,94.6,377.0,599.0,590.0,617.0
Burlington High,Public School,1103,183.0,118.0,10.7,219.0,19.9,91.0,8.3,4.4,16.4,5.7,70.1,0.5,0.1,2.8,51.4,48.6,15.4,97.2,0.0,0.8,0.4,254.0,218.0,85.8,0.0,45.4,18.8,35.8,17.9,9.2,15.6,213,406,97.0,71.0,27.0,10.0,8.0,24.0,60.0,110.0,111.0,101.0,20.7,79.3,206.0,521.0,517.0,540.0
Cambridge Rindge and Latin,Public School,1956,504.0,325.0,16.6,792.0,40.5,535.0,27.4,30.3,11.9,13.5,38.9,0.6,0.2,4.7,51.8,48.2,15.5,92.5,0.4,0.0,2.4,433.0,349.0,80.6,0.0,53.9,18.1,28.1,17.5,3.7,18.3,352,594,181.0,113.0,46.0,11.0,1.0,36.0,64.0,127.0,156.0,211.0,16.8,83.2,358.0,521.0,514.0,526.0
Canton High,Public School,951,49.0,73.0,7.7,169.0,17.8,110.0,11.6,10.8,9.1,4.2,71.8,0.0,0.1,3.9,48.8,51.0,17.1,97.3,0.0,0.0,1.8,219.0,192.0,87.7,0.0,40.1,12.5,47.4,12.5,6.8,21.9,234,462,106.0,62.0,41.0,19.0,6.0,51.0,100.0,140.0,110.0,61.0,32.7,67.3,197.0,520.0,507.0,537.0
Carver Middle/High School,Public School,836,4.0,168.0,20.1,263.0,31.5,150.0,17.9,1.3,0.2,1.1,95.6,0.1,0.1,1.6,50.7,49.3,15.5,90.4,0.0,0.0,3.8,94.0,71.0,75.5,0.0,26.8,38.0,35.2,38.0,18.3,9.9,104,191,53.0,26.0,16.0,7.0,2.0,34.0,58.0,48.0,25.0,26.0,48.2,51.8,69.0,514.0,496.0,517.0
Chelmsford High,Public School,1484,124.0,187.0,12.6,303.0,20.4,128.0,8.6,2.6,11.9,3.8,79.9,0.0,0.1,1.8,48.9,51.1,16.8,95.5,0.9,0.0,2.4,401.0,359.0,89.5,0.0,31.8,19.8,48.5,19.5,13.6,21.4,288,555,132.0,86.0,45.0,15.0,10.0,28.0,104.0,168.0,163.0,92.0,23.8,76.2,359.0,545.0,519.0,556.0
Chelsea High,Public School,1545,1348.0,143.0,9.3,1111.0,71.9,721.0,46.7,6.6,2.3,85.0,5.6,0.0,0.1,0.5,52.0,48.0,23.0,62.5,3.5,2.4,21.5,238.0,169.0,71.0,0.6,22.5,49.1,27.8,47.9,5.9,20.7,212,396,94.0,65.0,40.0,13.0,0.0,165.0,108.0,73.0,34.0,16.0,68.9,31.1,131.0,448.0,424.0,449.0
Chicopee Comprehensive High School,Public School,1430,181.0,227.0,15.9,716.0,50.1,607.0,42.4,2.3,2.5,26.2,66.9,0.1,0.2,1.8,53.5,46.5,15.9,80.7,1.4,1.4,9.8,299.0,203.0,67.9,0.0,18.2,67.0,14.8,63.5,5.9,4.9,124,245,52.0,39.0,21.0,8.0,4.0,54.0,85.0,67.0,28.0,11.0,56.7,43.3,143.0,471.0,446.0,479.0
Chicopee High,Public School,947,159.0,190.0,20.1,534.0,56.4,449.0,47.4,4.6,2.0,37.4,54.5,0.0,0.1,1.4,49.1,50.9,13.7,80.9,1.5,0.7,11.2,228.0,176.0,77.2,0.0,29.0,54.5,16.5,52.8,5.7,5.7,152,292,74.0,34.0,28.0,14.0,2.0,55.0,98.0,76.0,45.0,18.0,52.4,47.6,120.0,478.0,464.0,470.0
Clinton Senior High,Public School,466,127.0,91.0,19.5,213.0,45.7,155.0,33.3,4.1,2.6,28.8,63.5,0.2,0.0,0.9,54.1,45.9,12.6,93.3,0.0,1.0,1.0,100.0,74.0,74.0,0.0,20.3,33.8,45.9,31.1,29.7,13.5,55,98,29.0,12.0,11.0,3.0,0.0,25.0,33.0,25.0,11.0,4.0,59.2,40.8,63.0,497.0,478.0,505.0
Cohasset Middle/High School,Public School,838,3.0,103.0,12.3,136.0,16.2,36.0,4.3,3.2,2.6,1.2,92.1,0.4,0.0,0.5,50.7,49.3,17.8,99.1,0.0,0.0,0.0,84.0,78.0,92.9,0.0,48.7,5.1,46.2,5.1,1.3,15.4,148,276,58.0,57.0,28.0,5.0,0.0,5.0,34.0,66.0,88.0,83.0,14.1,85.9,110.0,564.0,560.0,562.0
Danvers High,Public School,974,29.0,135.0,13.9,253.0,26.0,138.0,14.2,1.7,2.7,4.8,89.2,0.2,0.0,1.3,48.9,51.1,16.7,94.6,0.4,0.8,3.1,269.0,219.0,81.4,0.0,37.9,15.1,47.0,14.6,15.1,16.0,252,497,98.0,91.0,39.0,20.0,4.0,50.0,117.0,160.0,108.0,62.0,33.6,66.4,204.0,515.0,506.0,523.0
Dartmouth High,Public School,1064,50.0,106.0,10.0,254.0,23.9,168.0,15.8,1.1,0.4,2.4,90.6,0.0,0.2,5.3,50.5,49.5,16.8,92.1,0.4,1.1,2.3,253.0,204.0,80.6,0.5,26.5,25.5,47.5,25.5,10.8,20.1,234,363,140.0,67.0,20.0,6.0,1.0,14.0,39.0,113.0,123.0,74.0,14.6,85.4,207.0,516.0,508.0,530.0
Dedham High,Public School,739,96.0,113.0,15.2,238.0,32.1,133.0,18.0,11.6,3.8,13.9,69.3,0.0,0.0,1.4,49.9,50.1,15.8,96.2,0.5,0.0,1.6,169.0,134.0,79.3,0.0,35.1,21.6,43.3,21.6,12.7,20.9,191,349,92.0,56.0,32.0,6.0,5.0,58.0,87.0,90.0,77.0,37.0,41.5,58.5,160.0,490.0,477.0,520.0
Douglas High School,Public School,394,1.0,70.0,17.8,104.0,26.4,50.0,12.7,0.5,1.0,2.5,94.4,0.0,0.3,1.3,47.2,52.8,13.7,89.9,0.0,1.0,2.0,101.0,80.0,79.2,0.0,45.0,18.8,36.3,17.5,16.3,15.0,90,198,24.0,34.0,22.0,10.0,0.0,19.0,61.0,56.0,40.0,22.0,40.4,59.6,65.0,520.0,510.0,521.0
Dracut Senior High,Public School,801,45.0,80.0,10.0,179.0,22.3,111.0,13.9,5.7,5.5,6.1,80.3,0.0,0.2,2.1,47.7,52.3,18.5,94.3,0.4,0.8,3.7,229.0,194.0,84.7,0.0,24.2,36.1,39.7,35.6,13.4,18.6,148,246,79.0,46.0,17.0,6.0,0.0,17.0,42.0,92.0,57.0,38.0,24.0,76.0,176.0,503.0,487.0,508.0
Duxbury High,Public School,1057,8.0,124.0,11.7,169.0,16.0,58.0,5.5,0.3,1.2,1.3,95.9,0.0,0.0,1.2,51.2,48.8,19.8,98.5,0.0,0.4,1.1,262.0,235.0,89.7,0.0,61.7,3.0,35.3,2.6,6.8,11.1,316,709,99.0,101.0,74.0,27.0,15.0,92.0,109.0,199.0,184.0,125.0,28.3,71.7,242.0,545.0,544.0,565.0
East Bridgewater JR./SR. High School,Public School,1051,7.0,155.0,14.7,270.0,25.7,148.0,14.1,2.8,0.3,1.9,93.2,0.2,0.2,1.4,48.6,51.2,19.9,95.9,0.7,0.0,3.4,138.0,120.0,87.0,0.8,35.0,19.2,45.0,19.2,30.0,10.0,126,263,41.0,40.0,38.0,7.0,0.0,45.0,75.0,82.0,47.0,14.0,45.6,54.4,111.0,518.0,494.0,500.0
East Longmeadow High,Public School,870,46.0,130.0,14.9,233.0,26.8,119.0,13.7,3.6,6.0,4.6,84.9,0.2,0.1,0.6,48.7,51.3,17.0,97.2,0.0,0.0,0.0,201.0,181.0,90.0,0.0,35.9,30.4,33.7,27.1,14.4,10.5,192,280,121.0,55.0,15.0,1.0,0.0,9.0,39.0,90.0,71.0,71.0,17.1,82.9,169.0,526.0,509.0,540.0
Easthampton High,Public School,471,34.0,73.0,15.5,177.0,37.6,130.0,27.6,2.3,4.0,11.7,81.1,0.0,0.2,0.6,47.1,52.9,17.9,88.5,0.0,1.8,5.3,115.0,89.0,77.4,0.0,24.7,43.8,31.5,43.8,9.0,13.5,155,208,117.0,24.0,13.0,1.0,0.0,34.0,86.0,45.0,29.0,14.0,57.7,42.3,65.0,493.0,486.0,500.0
Oliver Ames High,Public School,1199,45.0,182.0,15.2,283.0,23.6,126.0,10.5,4.8,4.1,5.0,82.7,0.2,0.1,3.3,47.2,52.8,19.6,97.8,0.0,0.7,0.4,284.0,257.0,90.5,0.0,45.5,14.4,40.1,13.6,11.7,8.9,309,713,95.0,99.0,59.0,41.0,15.0,51.0,150.0,213.0,211.0,88.0,28.2,71.8,249.0,543.0,533.0,550.0
Everett High,Public School,2023,1183.0,237.0,11.7,1190.0,58.8,806.0,39.8,19.9,4.4,43.9,30.2,0.3,0.1,1.1,52.0,48.0,17.1,78.2,4.7,0.6,9.6,465.0,311.0,66.9,0.0,31.2,34.7,34.1,34.4,15.1,17.4,188,309,108.0,48.0,24.0,7.0,1.0,107.0,104.0,54.0,26.0,18.0,68.3,31.7,262.0,438.0,416.0,439.0
Fairhaven High,Public School,616,14.0,74.0,12.0,188.0,30.5,133.0,21.6,0.8,1.6,5.8,89.1,0.2,0.0,2.4,47.9,52.1,15.1,92.2,1.1,0.6,2.8,165.0,129.0,78.2,0.8,20.9,24.0,54.3,23.3,24.8,20.2,105,171,52.0,40.0,13.0,0.0,0.0,8.0,52.0,68.0,29.0,14.0,35.1,64.9,124.0,512.0,498.0,517.0
B M C Durfee High,Public School,2123,593.0,391.0,18.4,1357.0,63.9,1172.0,55.2,8.3,5.5,23.4,58.2,0.2,0.2,4.3,50.8,49.2,16.5,79.2,5.4,1.1,12.7,420.0,278.0,66.2,0.4,14.7,61.5,23.4,60.4,7.9,11.9,307,538,158.0,78.0,60.0,11.0,0.0,114.0,145.0,152.0,95.0,32.0,48.1,51.9,219.0,495.0,471.0,477.0
Falmouth High,Public School,882,70.0,120.0,13.6,288.0,32.7,214.0,24.3,4.9,3.5,4.0,82.1,0.7,0.1,4.8,51.0,49.0,14.4,87.7,0.0,3.9,5.4,196.0,151.0,77.0,0.0,39.1,28.5,32.5,27.2,12.6,6.6,117,238,50.0,32.0,21.0,10.0,4.0,22.0,33.0,66.0,60.0,57.0,23.1,76.9,149.0,518.0,516.0,540.0
Fitchburg High,Public School,1211,423.0,263.0,21.7,771.0,63.7,654.0,54.0,7.3,6.1,48.3,32.0,0.0,0.1,6.1,52.1,47.9,20.3,86.1,4.1,0.7,6.4,219.0,148.0,67.6,0.0,14.9,50.7,34.5,48.0,21.6,9.5,239,507,106.0,48.0,51.0,21.0,13.0,244.0,135.0,70.0,49.0,9.0,74.8,25.2,243.0,395.0,373.0,414.0
Foxborough High,Public School,837,10.0,150.0,17.9,224.0,26.8,114.0,13.6,5.3,2.7,3.0,87.9,0.1,0.1,0.8,53.2,46.8,13.6,96.4,0.0,0.0,0.4,215.0,176.0,81.9,0.0,34.1,10.2,55.7,9.7,16.5,22.7,217,455,84.0,57.0,55.0,13.0,8.0,28.0,104.0,131.0,119.0,73.0,29.0,71.0,194.0,520.0,514.0,534.0
Acton-Boxborough Regional High,Public School,1864,269.0,217.0,11.6,304.0,16.3,91.0,4.9,1.5,28.2,3.4,63.0,0.2,0.0,3.7,50.6,49.4,19.9,98.3,0.0,0.0,0.8,472.0,420.0,89.0,0.2,52.1,6.4,41.2,6.0,3.1,13.8,445,"1,025",156.0,117.0,88.0,58.0,26.0,7.0,49.0,100.0,303.0,566.0,5.5,94.5,421.0,617.0,608.0,641.0
Hoosac Valley Middle & High School,Public School,622,5.0,139.0,22.3,300.0,48.2,244.0,39.2,5.1,1.3,1.4,91.8,0.2,0.0,0.2,50.0,50.0,14.1,83.3,2.8,4.2,8.3,79.0,65.0,82.3,0.0,26.2,43.1,30.8,41.5,20.0,4.6,81,133,46.0,18.0,17.0,0.0,0.0,26.0,41.0,39.0,20.0,7.0,50.4,49.6,44.0,494.0,478.0,489.0
Advanced Math and Science Academy Charter School,Charter School,952,170.0,46.0,4.8,111.0,11.7,58.0,6.1,2.4,19.2,5.8,66.9,0.3,0.0,5.4,51.7,48.3,19.3,100.0,0.0,0.0,0.0,128.0,115.0,89.8,0.0,53.9,7.0,39.1,7.0,7.8,13.0,290,581,124.0,81.0,56.0,20.0,9.0,20.0,69.0,130.0,166.0,196.0,15.3,84.7,176.0,606.0,604.0,658.0
Amherst Regional High,Public School,926,163.0,165.0,17.8,318.0,34.3,203.0,21.9,7.0,9.5,14.3,59.9,0.1,0.0,9.2,52.1,47.9,12.9,91.6,0.0,0.9,3.1,246.0,206.0,83.7,0.5,46.6,27.7,25.2,26.7,2.4,14.6,131,208,70.0,47.0,12.0,2.0,0.0,10.0,16.0,47.0,75.0,60.0,12.5,87.5,174.0,594.0,564.0,601.0
Oakmont Regional High School,Public School,702,8.0,111.0,15.8,181.0,25.8,99.0,14.1,0.6,1.0,2.3,94.4,0.0,0.0,1.7,49.9,50.1,16.0,94.1,0.0,0.0,0.0,164.0,144.0,87.8,0.0,26.4,18.1,55.6,18.1,32.6,13.9,100,142,65.0,28.0,7.0,0.0,0.0,7.0,32.0,58.0,28.0,17.0,27.5,72.5,127.0,511.0,488.0,514.0
Assabet Valley Vocational High School,Public School,1103,170.0,322.0,29.2,520.0,47.1,248.0,22.5,0.9,0.7,14.6,81.1,0.5,0.0,2.3,57.6,42.4,16.2,95.9,0.0,0.8,1.6,237.0,122.0,51.5,0.8,31.1,40.2,27.9,36.9,19.7,1.6,48,54,45.0,1.0,1.0,1.0,0.0,15.0,22.0,11.0,5.0,1.0,68.5,31.5,124.0,439.0,413.0,438.0
Athol High,Public School,358,4.0,96.0,26.8,201.0,56.1,162.0,45.3,2.8,0.8,5.6,89.7,0.0,0.0,1.1,54.2,45.8,13.7,75.0,0.0,0.0,13.9,71.0,42.0,59.2,0.0,28.6,35.7,35.7,31.0,21.4,7.1,78,132,39.0,24.0,15.0,0.0,0.0,81.0,35.0,12.0,4.0,0.0,87.9,12.1,49.0,466.0,456.0,473.0
Ayer Shirley Regional High School,Public School,409,35.0,81.0,19.8,156.0,38.1,103.0,25.2,7.8,2.4,10.5,72.9,0.2,0.2,5.9,50.4,49.6,15.4,93.3,0.0,0.0,5.6,58.0,39.0,67.2,0.0,12.8,48.7,38.5,48.7,17.9,17.9,32,60,13.0,12.0,5.0,2.0,0.0,10.0,13.0,18.0,9.0,10.0,38.3,61.7,65.0,504.0,481.0,511.0
Berkshire Arts and Technology Charter Public School,Charter School,356,9.0,75.0,21.1,188.0,52.8,149.0,41.9,14.6,2.5,6.7,71.9,0.0,0.3,3.9,48.0,51.7,15.8,91.3,0.0,0.0,0.0,19.0,14.0,73.7,0.0,7.1,64.3,28.6,64.3,14.3,0.0,26,36,19.0,4.0,3.0,0.0,0.0,11.0,12.0,9.0,2.0,2.0,63.9,36.1,25.0,514.0,490.0,502.0
Monument Mt Regional High,Public School,547,30.0,77.0,14.1,168.0,30.7,121.0,22.1,2.2,1.8,4.8,88.5,0.2,0.2,2.4,51.4,48.6,12.1,90.3,0.0,1.4,2.1,127.0,104.0,81.9,0.0,49.0,22.1,28.8,20.2,10.6,7.7,66,116,30.0,25.0,9.0,1.0,1.0,4.0,16.0,39.0,31.0,26.0,17.2,82.8,96.0,547.0,519.0,522.0
Tahanto Regional High,Public School,584,32.0,93.0,15.9,142.0,24.3,55.0,9.4,1.0,3.1,2.6,91.3,0.0,0.0,2.1,52.2,47.8,16.2,94.3,0.0,0.0,2.9,58.0,48.0,82.8,0.0,31.3,6.3,62.5,6.3,25.0,8.3,69,120,32.0,23.0,14.0,0.0,0.0,5.0,22.0,45.0,28.0,20.0,22.5,77.5,61.0,526.0,510.0,528.0
Blackstone Valley,Public School,1206,9.0,118.0,9.8,231.0,19.2,121.0,10.0,0.6,0.8,2.9,94.1,0.0,0.0,1.6,48.2,51.8,17.4,99.3,0.0,0.0,0.7,280.0,222.0,79.3,0.0,37.8,16.7,45.5,15.3,25.2,12.2,260,404,145.0,91.0,19.0,5.0,0.0,124.0,129.0,98.0,43.0,10.0,62.6,37.4,225.0,485.0,465.0,502.0
Blackstone Millville RHS,Public School,448,17.0,65.0,14.5,133.0,29.7,80.0,17.9,0.9,1.8,3.6,92.6,0.0,0.0,1.1,48.7,51.3,15.4,94.2,0.0,0.8,0.8,90.0,56.0,62.2,0.0,21.4,21.4,57.1,5.4,21.4,25.0,89,152,47.0,26.0,12.0,3.0,1.0,20.0,46.0,44.0,30.0,12.0,43.4,56.6,81.0,519.0,488.0,514.0
Blue Hills Regional Vocational Technical,Public School,867,61.0,220.0,25.4,364.0,42.0,197.0,22.7,22.7,0.7,11.9,59.3,0.8,0.1,4.5,55.5,44.5,15.8,97.4,0.0,0.0,0.0,184.0,117.0,63.6,0.0,40.2,36.8,23.1,36.8,12.8,5.1,15,20,10.0,5.0,0.0,0.0,0.0,2.0,8.0,6.0,1.0,3.0,50.0,50.0,103.0,445.0,406.0,446.0
Boston Collegiate Charter School,Charter School,680,76.0,122.0,17.9,303.0,44.6,200.0,29.4,27.5,2.2,19.7,47.5,0.7,0.0,2.4,48.1,51.9,20.6,91.5,0.0,0.0,0.0,56.0,46.0,82.1,0.0,28.3,17.4,54.3,17.4,30.4,21.7,93,174,39.0,35.0,11.0,8.0,0.0,25.0,56.0,50.0,33.0,10.0,46.6,53.4,63.0,491.0,508.0,536.0
Boston Green Academy Horace Mann Charter School,Charter School,476,157.0,96.0,20.2,357.0,75.0,291.0,61.1,54.8,0.8,32.6,7.4,0.0,0.0,4.4,51.5,48.5,14.4,76.6,0.0,3.1,7.8,63.0,47.0,74.6,0.0,44.7,31.9,23.4,31.9,12.8,10.6,41,52,30.0,11.0,0.0,0.0,0.0,34.0,15.0,3.0,0.0,0.0,94.2,5.8,38.0,367.0,336.0,357.0
Boston Preparatory Charter Public School,Charter School,415,83.0,92.0,22.2,256.0,61.7,162.0,39.0,69.2,1.0,24.8,2.4,0.5,0.2,1.9,51.8,48.2,34.0,75.0,0.0,0.0,11.5,42.0,40.0,95.2,0.0,40.0,15.0,45.0,15.0,27.5,15.0,111,170,64.0,37.0,8.0,2.0,0.0,70.0,65.0,25.0,5.0,5.0,79.4,20.6,45.0,426.0,424.0,489.0
Bridgewater-Raynham Regional,Public School,1512,37.0,149.0,9.9,310.0,20.5,181.0,12.0,3.9,2.3,2.7,87.4,0.2,0.1,3.4,50.0,50.0,16.9,92.6,1.1,0.0,3.0,368.0,280.0,76.1,0.0,29.6,19.6,50.7,19.6,26.1,15.7,269,430,143.0,94.0,29.0,3.0,0.0,34.0,104.0,157.0,92.0,43.0,32.1,67.9,279.0,510.0,504.0,531.0
Bristol-Plymouth Vocational Technical,Public School,1303,42.0,245.0,18.8,500.0,38.4,341.0,26.2,2.9,0.7,6.4,86.4,0.5,0.0,3.1,57.7,42.1,17.4,97.1,0.0,0.3,1.9,297.0,170.0,57.2,0.6,24.7,39.4,35.3,38.2,22.4,9.4,113,139,87.0,26.0,0.0,0.0,0.0,42.0,53.0,29.0,13.0,2.0,68.3,31.7,161.0,461.0,435.0,469.0
Cape Cod Region Vocational Technical,Public School,623,27.0,170.0,27.3,342.0,54.9,223.0,35.8,5.1,1.0,10.4,76.2,2.1,0.2,5.0,62.4,37.6,13.3,92.9,0.0,0.6,2.6,123.0,50.0,40.7,0.0,20.0,54.0,26.0,52.0,14.0,4.0,26,31,21.0,5.0,0.0,0.0,0.0,5.0,17.0,7.0,2.0,0.0,71.0,29.0,65.0,471.0,428.0,448.0
Wahconah Regional High,Public School,543,8.0,58.0,10.7,151.0,27.8,115.0,21.2,1.1,0.7,4.1,92.3,0.0,0.0,1.8,49.4,50.6,15.1,91.6,0.0,1.5,5.3,147.0,126.0,85.7,0.0,17.5,42.1,40.5,42.1,19.8,13.5,119,187,81.0,20.0,10.0,5.0,3.0,47.0,63.0,43.0,18.0,16.0,58.8,41.2,96.0,499.0,489.0,509.0
City on a Hill Charter Public School Circuit Street,Charter School,279,85.0,63.0,22.6,196.0,70.3,157.0,56.3,65.2,0.0,29.7,2.9,0.4,0.4,1.4,45.2,54.8,12.1,69.5,0.0,0.0,5.1,45.0,41.0,91.1,0.0,58.5,14.6,26.8,14.6,7.3,19.5,32,48,16.0,16.0,0.0,0.0,0.0,34.0,8.0,4.0,1.0,1.0,87.5,12.5,49.0,395.0,400.0,460.0
Community Charter School of Cambridge,Charter School,374,93.0,71.0,19.0,186.0,49.7,130.0,34.8,62.0,3.5,24.3,5.1,1.6,0.3,3.2,47.3,52.7,16.7,92.5,0.0,0.0,1.9,52.0,46.0,88.5,0.0,39.1,21.7,39.1,21.7,8.7,28.3,65,105,30.0,30.0,5.0,0.0,0.0,54.0,23.0,18.0,6.0,4.0,73.3,26.7,55.0,427.0,442.0,475.0
Concord Carlisle High,Public School,1276,64.0,211.0,16.5,269.0,21.1,69.0,5.4,4.3,9.5,4.0,78.5,0.0,0.0,3.7,47.8,52.1,15.3,98.3,0.0,0.0,0.0,292.0,262.0,89.7,0.4,65.3,5.7,28.6,4.2,1.9,9.9,274,498,137.0,75.0,43.0,14.0,5.0,8.0,20.0,68.0,137.0,265.0,5.6,94.4,263.0,616.0,605.0,635.0
Dennis-Yarmouth Regional High,Public School,1003,143.0,175.0,17.4,469.0,46.8,344.0,34.3,10.0,2.9,10.3,70.2,1.6,0.1,5.0,50.7,49.3,14.7,87.9,1.1,0.5,5.3,157.0,112.0,71.3,0.0,32.1,33.9,33.9,33.0,15.2,5.4,105,212,41.0,29.0,28.0,6.0,1.0,30.0,61.0,65.0,42.0,14.0,42.9,57.1,137.0,494.0,479.0,478.0
Dighton-Rehoboth Regional High School,Public School,928,11.0,121.0,13.0,213.0,23.0,130.0,14.0,1.0,1.1,4.3,91.6,0.0,0.0,2.0,55.6,44.4,16.9,92.9,0.9,0.5,1.4,209.0,165.0,78.9,0.0,26.7,24.2,49.1,21.2,18.2,23.0,177,430,54.0,47.0,41.0,17.0,18.0,28.0,88.0,142.0,98.0,74.0,27.0,73.0,147.0,547.0,532.0,547.0
Dover-Sherborn Regional High,Public School,652,14.0,76.0,11.7,95.0,14.6,22.0,3.4,2.3,6.1,2.6,85.7,0.0,0.0,3.2,48.6,51.4,12.9,99.4,0.0,0.0,0.0,149.0,135.0,90.6,0.0,77.8,2.2,20.0,1.5,1.5,3.7,202,483,54.0,64.0,45.0,30.0,9.0,2.0,25.0,93.0,161.0,202.0,5.6,94.4,167.0,613.0,608.0,620.0
Shepherd Hill Regional High,Public School,1166,64.0,121.0,10.4,280.0,24.0,200.0,17.2,1.7,2.2,6.7,87.0,0.3,0.2,1.8,48.2,51.8,19.2,92.3,1.5,0.4,3.3,243.0,187.0,77.0,0.5,33.7,19.8,46.0,18.7,19.8,16.6,267,424,155.0,73.0,33.0,6.0,0.0,52.0,124.0,148.0,75.0,25.0,41.5,58.5,203.0,506.0,494.0,525.0
Edward M. Kennedy Academy for Health Careers (Horace Mann Charter School),Charter School,359,182.0,59.0,16.4,244.0,68.0,194.0,54.0,44.6,1.9,46.8,4.5,0.0,0.0,2.2,34.3,65.7,17.1,86.7,0.0,1.3,5.3,88.0,72.0,81.8,0.0,19.4,36.1,44.4,36.1,16.7,26.4,95,144,56.0,30.0,8.0,1.0,0.0,66.0,50.0,15.0,11.0,2.0,80.6,19.4,69.0,386.0,395.0,397.0
Essex Technical High School,Public School,1307,89.0,277.0,21.2,500.0,38.3,274.0,21.0,1.3,1.5,12.3,81.6,0.1,0.1,3.1,43.0,57.0,16.1,97.5,0.0,0.4,0.4,230.0,151.0,65.7,0.0,27.8,33.1,39.1,30.5,17.2,10.6,40,48,32.0,8.0,0.0,0.0,0.0,7.0,14.0,14.0,10.0,3.0,43.8,56.3,147.0,488.0,461.0,471.0
Foxborough Regional Charter School,Charter School,1261,256.0,113.0,9.0,413.0,32.8,215.0,17.0,36.6,10.0,4.4,42.9,0.1,0.1,5.9,47.4,52.6,22.2,100.0,0.0,0.0,0.0,64.0,56.0,87.5,0.0,35.7,12.5,51.8,12.5,17.9,23.2,91,145,52.0,28.0,8.0,2.0,1.0,15.0,36.0,44.0,35.0,15.0,35.2,64.8,61.0,508.0,494.0,498.0
Framingham High School,Public School,2102,842.0,313.0,14.9,839.0,39.9,478.0,22.7,6.9,6.1,22.0,62.0,0.1,0.0,2.7,51.4,48.6,17.0,88.3,1.8,0.2,4.2,457.0,336.0,73.5,0.0,33.3,22.0,44.6,21.7,15.5,15.8,401,845,159.0,115.0,76.0,32.0,19.0,17.0,57.0,193.0,278.0,300.0,8.8,91.2,358.0,529.0,514.0,562.0
Franklin High,Public School,1739,73.0,221.0,12.7,302.0,17.4,102.0,5.9,1.7,4.5,2.1,89.4,0.2,0.2,2.0,49.2,50.8,16.9,96.2,0.0,0.0,0.7,388.0,349.0,89.9,0.0,46.7,5.7,47.6,4.9,10.6,17.5,421,783,207.0,118.0,58.0,27.0,11.0,71.0,134.0,211.0,214.0,153.0,26.2,73.8,382.0,542.0,532.0,556.0
Apponequet Regional High,Public School,725,7.0,106.0,14.6,154.0,21.2,78.0,10.8,1.4,1.5,1.8,93.7,0.3,0.1,1.2,49.5,50.5,15.0,93.5,1.0,0.0,2.5,200.0,173.0,86.5,0.6,26.0,28.3,45.1,26.6,16.8,21.4,170,279,92.0,60.0,11.0,3.0,4.0,8.0,63.0,100.0,77.0,31.0,25.4,74.6,151.0,523.0,505.0,518.0
Frontier Regional,Public School,611,20.0,117.0,19.1,190.0,31.1,107.0,17.5,1.3,3.1,4.4,88.4,0.0,0.3,2.5,54.0,46.0,13.3,91.3,0.0,2.9,1.0,92.0,79.0,85.9,0.0,27.8,39.2,32.9,38.0,7.6,15.2,80,123,47.0,25.0,6.0,2.0,0.0,3.0,21.0,44.0,29.0,26.0,19.5,80.5,77.0,540.0,512.0,522.0
Gardner High,Public School,711,56.0,129.0,18.1,358.0,50.4,295.0,41.5,2.7,2.1,12.5,78.5,0.4,0.0,3.8,53.6,46.4,15.9,95.0,0.8,0.8,0.8,117.0,96.0,82.1,0.0,17.7,40.6,41.7,38.5,26.0,14.6,126,218,72.0,24.0,24.0,4.0,2.0,55.0,76.0,57.0,18.0,12.0,60.1,39.9,115.0,451.0,424.0,463.0
Gateway Regional High,Public School,220,7.0,36.0,16.4,83.0,37.7,63.0,28.6,0.5,0.9,2.7,94.1,0.0,0.0,1.8,44.1,55.9,11.6,89.9,1.4,2.9,5.8,78.0,60.0,76.9,0.0,16.7,31.7,51.7,31.7,26.7,15.0,32,54,16.0,11.0,4.0,1.0,0.0,19.0,9.0,14.0,11.0,1.0,51.9,48.1,27.0,553.0,536.0,521.0
Georgetown High School,Public School,411,1.0,56.0,13.6,84.0,20.4,42.0,10.2,0.7,1.0,2.7,93.2,0.0,0.0,2.4,47.7,52.3,12.8,97.1,0.0,1.0,1.0,93.0,86.0,92.5,0.0,30.2,20.9,48.8,19.8,15.1,11.6,42,65,23.0,15.0,4.0,0.0,0.0,0.0,0.0,10.0,23.0,32.0,0.0,100.0,83.0,549.0,540.0,534.0
Turners Fall High,Public School,231,19.0,37.0,16.0,103.0,44.6,80.0,34.6,1.7,0.4,7.4,86.1,0.0,0.0,4.3,49.8,50.2,12.0,73.8,0.0,1.5,21.5,63.0,45.0,71.4,0.0,26.7,53.3,20.0,53.3,13.3,4.4,25,27,23.0,2.0,0.0,0.0,0.0,4.0,10.0,9.0,3.0,1.0,51.9,48.1,26.0,494.0,471.0,506.0
Global Learning Charter Public School,Charter School,507,84.0,68.0,13.4,301.0,59.4,252.0,49.7,10.7,1.0,29.8,52.3,1.0,0.0,5.3,51.7,48.3,16.4,87.0,0.0,0.0,13.0,33.0,29.0,87.9,0.0,20.7,48.3,31.0,48.3,6.9,20.7,36,50,24.0,10.0,2.0,0.0,0.0,11.0,26.0,10.0,1.0,2.0,74.0,26.0,18.0,449.0,436.0,468.0
Gloucester High,Public School,818,79.0,209.0,25.6,392.0,47.9,267.0,32.6,2.2,1.7,7.5,85.7,0.2,0.7,2.0,51.1,48.9,14.9,88.0,0.0,1.7,7.7,215.0,150.0,69.8,0.0,37.3,24.7,38.0,24.7,20.0,10.7,104,172,53.0,36.0,13.0,2.0,0.0,23.0,35.0,64.0,37.0,13.0,33.7,66.3,134.0,496.0,475.0,509.0
Grafton High School,Public School,835,28.0,114.0,13.7,181.0,21.7,90.0,10.8,1.2,8.9,3.5,84.1,0.0,0.1,2.3,48.4,51.6,18.0,91.3,0.5,1.4,3.7,159.0,129.0,81.1,0.0,40.3,19.4,40.3,17.1,10.1,11.6,137,220,77.0,43.0,12.0,4.0,1.0,17.0,52.0,78.0,45.0,28.0,31.4,68.6,167.0,533.0,523.0,553.0
Granby Jr Sr High School,Public School,381,20.0,56.0,14.7,117.0,30.7,78.0,20.5,1.0,3.1,6.0,88.5,0.0,0.0,1.3,54.3,45.7,14.8,93.2,1.4,1.4,2.7,73.0,58.0,79.5,0.0,19.0,51.7,29.3,48.3,15.5,12.1,73,108,46.0,21.0,4.0,2.0,0.0,11.0,54.0,35.0,6.0,2.0,60.2,39.8,36.0,506.0,495.0,516.0
Diman Regional Vocational Technical High,Public School,1395,76.0,137.0,9.8,590.0,42.3,503.0,36.1,1.6,1.4,8.4,83.4,0.4,0.1,4.7,55.8,44.2,13.5,97.0,0.6,0.0,1.8,337.0,187.0,55.5,2.1,13.9,63.6,20.3,62.0,4.8,15.0,20,20,20.0,0.0,0.0,0.0,0.0,0.0,9.0,9.0,2.0,0.0,45.0,55.0,129.0,449.0,424.0,454.0
Gr Lawrence Regional Vocational Technical,Public School,1473,601.0,300.0,20.4,985.0,66.9,768.0,52.1,0.8,1.0,80.6,17.4,0.1,0.0,0.1,49.2,50.8,12.7,95.9,0.3,0.0,2.8,304.0,171.0,56.3,0.0,13.5,76.6,9.9,76.0,4.1,4.7,16,16,16.0,0.0,0.0,0.0,0.0,7.0,7.0,1.0,1.0,0.0,87.5,12.5,168.0,379.0,373.0,406.0
Gr New Bedford Vocational Technical,Public School,2154,499.0,243.0,11.3,974.0,45.2,795.0,36.9,8.7,0.7,19.9,66.7,0.4,0.0,3.6,49.6,50.4,14.5,93.2,0.0,0.0,5.1,456.0,267.0,58.6,2.2,14.6,61.0,22.1,60.7,9.0,10.9,57,57,57.0,0.0,0.0,0.0,0.0,0.0,14.0,33.0,7.0,3.0,24.6,75.4,296.0,451.0,420.0,447.0
Greenfield High,Public School,448,54.0,80.0,17.9,227.0,50.7,199.0,44.4,3.1,3.1,14.7,74.1,0.0,0.0,4.9,54.0,46.0,13.4,79.4,4.1,1.0,9.3,85.0,63.0,74.1,0.0,14.3,68.3,17.5,68.3,3.2,11.1,85,171,34.0,23.0,21.0,7.0,0.0,31.0,64.0,33.0,27.0,16.0,55.6,44.4,37.0,496.0,481.0,499.0
Groton Dunstable Regional,Public School,812,8.0,98.0,12.1,116.0,14.3,25.0,3.1,0.7,5.9,0.9,91.7,0.1,0.1,0.5,50.2,49.8,17.7,98.2,0.0,0.0,1.4,224.0,201.0,89.7,0.0,44.3,14.4,41.3,12.4,7.0,17.9,209,397,76.0,87.0,38.0,7.0,1.0,12.0,53.0,102.0,119.0,111.0,16.4,83.6,195.0,558.0,538.0,584.0
Hopkins Academy,Public School,258,19.0,20.0,7.8,47.0,18.2,29.0,11.2,3.9,2.3,8.1,80.6,0.4,1.2,3.5,50.0,50.0,13.1,96.2,0.0,0.0,0.0,41.0,35.0,85.4,0.0,57.1,17.1,25.7,14.3,5.7,17.1,68,95,47.0,18.0,2.0,0.0,1.0,11.0,24.0,30.0,19.0,11.0,36.8,63.2,42.0,545.0,524.0,556.0
Hamilton-Wenham Regional High,Public School,574,5.0,76.0,13.2,105.0,18.3,36.0,6.3,0.2,4.0,2.3,91.1,0.0,0.2,2.3,46.9,53.1,14.8,98.1,0.0,0.6,0.6,159.0,142.0,89.3,0.0,54.2,2.8,43.0,2.8,9.9,12.7,185,375,86.0,40.0,35.0,17.0,7.0,43.0,65.0,100.0,111.0,56.0,28.8,71.2,155.0,571.0,559.0,559.0
Hampden Charter School of Science,Charter School,478,56.0,37.0,7.7,226.0,47.3,200.0,41.8,24.9,2.7,30.5,39.1,0.0,0.0,2.7,50.2,49.8,18.1,94.3,0.0,0.0,0.0,42.0,40.0,95.2,0.0,22.5,57.5,20.0,55.0,5.0,15.0,16,19,13.0,3.0,0.0,0.0,0.0,1.0,4.0,3.0,6.0,5.0,26.3,73.7,36.0,470.0,470.0,520.0
Minnechaug Regional High,Public School,1147,31.0,156.0,13.6,247.0,21.5,132.0,11.5,2.7,3.0,5.2,86.7,0.1,0.2,2.2,50.2,49.8,17.5,94.9,0.0,0.3,2.7,306.0,265.0,86.6,0.0,36.2,26.8,37.0,23.4,13.2,11.3,155,215,109.0,33.0,12.0,1.0,0.0,4.0,36.0,63.0,51.0,61.0,18.6,81.4,240.0,518.0,510.0,534.0
Hampshire Regional High,Public School,741,25.0,134.0,18.1,215.0,29.0,121.0,16.3,0.7,0.5,2.8,93.5,0.1,0.0,2.3,44.9,55.1,13.3,97.7,0.0,0.0,0.0,117.0,100.0,85.5,0.0,30.0,39.0,31.0,39.0,11.0,9.0,76,118,46.0,19.0,10.0,1.0,0.0,9.0,18.0,37.0,33.0,21.0,22.9,77.1,90.0,525.0,497.0,533.0
Hanover High,Public School,790,12.0,131.0,16.6,166.0,21.0,45.0,5.7,0.6,2.0,0.9,96.1,0.0,0.0,0.4,52.9,46.8,16.7,98.5,0.0,0.0,1.0,191.0,166.0,86.9,0.0,38.6,11.4,50.0,11.4,19.9,16.9,211,344,122.0,61.0,15.0,10.0,3.0,52.0,72.0,94.0,80.0,46.0,36.0,64.0,187.0,505.0,495.0,520.0
Bromfield,Public School,684,21.0,75.0,11.0,113.0,16.5,36.0,5.3,1.9,12.1,3.2,81.0,0.0,0.0,1.8,50.7,49.3,15.6,95.1,0.0,0.0,2.0,108.0,98.0,90.7,0.0,53.1,5.1,41.8,5.1,2.0,23.5,144,239,86.0,33.0,14.0,10.0,1.0,2.0,16.0,53.0,74.0,94.0,7.5,92.5,95.0,594.0,583.0,589.0
Smith Academy,Public School,198,1.0,36.0,18.2,58.0,29.3,28.0,14.1,1.5,2.5,3.5,88.9,0.0,0.0,3.5,52.0,48.0,11.7,100.0,0.0,0.0,0.0,41.0,32.0,78.0,0.0,46.9,31.3,21.9,31.3,9.4,9.4,32,51,14.0,17.0,1.0,0.0,0.0,4.0,18.0,19.0,9.0,1.0,43.1,56.9,21.0,568.0,535.0,550.0
Haverhill High,Public School,1828,315.0,313.0,17.1,833.0,45.6,632.0,34.6,3.5,2.2,30.9,62.4,0.1,0.0,0.9,52.8,47.2,16.8,77.8,3.0,1.1,12.6,353.0,238.0,67.4,0.0,24.4,42.0,33.6,39.9,4.2,18.5,296,578,142.0,61.0,63.0,25.0,5.0,102.0,169.0,150.0,104.0,53.0,46.9,53.1,231.0,513.0,495.0,512.0
Hingham High,Public School,1225,9.0,137.0,11.2,201.0,16.4,78.0,6.4,0.9,2.1,2.8,91.4,0.0,0.0,2.8,50.9,49.1,14.8,99.3,0.0,0.0,0.4,280.0,246.0,87.9,0.0,63.8,2.8,33.3,2.8,4.5,8.1,251,480,117.0,78.0,29.0,15.0,12.0,2.0,17.0,87.0,160.0,214.0,4.0,96.0,249.0,555.0,563.0,569.0
Holbrook Jr Sr High,Public School,465,70.0,70.0,15.1,214.0,46.0,161.0,34.6,23.2,4.9,11.0,54.8,0.0,0.0,6.0,50.5,49.5,12.9,88.2,0.0,1.3,7.9,66.0,41.0,62.1,0.0,19.5,39.0,41.5,39.0,9.8,31.7,35,54,21.0,9.0,5.0,0.0,0.0,10.0,18.0,18.0,8.0,0.0,51.9,48.1,49.0,458.0,450.0,473.0
Holliston High,Public School,809,31.0,109.0,13.5,144.0,17.8,45.0,5.6,0.6,5.2,2.1,89.6,0.0,0.0,2.5,51.5,48.5,16.7,96.2,0.5,0.5,0.9,172.0,153.0,89.0,0.0,47.1,8.5,44.4,8.5,9.8,15.0,236,385,115.0,96.0,22.0,3.0,0.0,7.0,45.0,86.0,141.0,106.0,13.5,86.5,197.0,561.0,549.0,581.0
Holyoke High,Public School,1285,550.0,213.0,16.6,878.0,68.3,797.0,62.0,2.6,1.0,72.1,22.7,0.0,0.1,1.4,51.9,48.1,18.1,68.9,4.9,3.7,13.8,280.0,194.0,69.3,0.0,14.9,67.0,18.0,67.0,6.2,9.8,185,332,85.0,60.0,34.0,5.0,1.0,119.0,106.0,64.0,32.0,11.0,67.8,32.2,92.0,480.0,454.0,482.0
Hopedale Jr Sr High,Public School,524,24.0,86.0,16.4,120.0,22.9,47.0,9.0,1.1,1.9,2.9,92.4,1.0,0.0,0.8,48.3,51.7,14.2,95.1,1.2,0.0,1.2,85.0,73.0,85.9,0.0,46.6,8.2,45.2,5.5,11.0,17.8,83,128,46.0,30.0,6.0,1.0,0.0,22.0,33.0,26.0,26.0,21.0,43.0,57.0,68.0,524.0,518.0,535.0
Hopkinton High,Public School,1092,27.0,126.0,11.5,155.0,14.2,42.0,3.8,0.5,7.6,1.4,89.1,0.3,0.0,1.2,48.5,51.5,17.6,98.7,0.3,0.0,0.3,288.0,259.0,89.9,0.0,41.3,6.9,51.7,5.8,7.7,19.7,468,988,195.0,121.0,79.0,58.0,15.0,26.0,124.0,201.0,289.0,348.0,15.2,84.8,278.0,552.0,544.0,580.0
Hudson High,Public School,943,153.0,146.0,15.5,300.0,31.8,182.0,19.3,1.7,2.1,5.8,88.5,0.3,0.0,1.5,48.9,51.1,15.1,91.1,1.1,1.1,3.7,171.0,150.0,87.7,0.0,40.7,14.7,44.7,13.3,16.7,18.0,174,263,99.0,61.0,14.0,0.0,0.0,31.0,66.0,63.0,68.0,35.0,36.9,63.1,153.0,506.0,503.0,512.0
Hull High,Public School,311,4.0,56.0,18.0,116.0,37.3,85.0,27.3,1.0,1.0,3.2,92.0,0.0,0.3,2.6,56.6,43.4,11.1,81.8,0.0,0.0,5.7,86.0,66.0,76.7,0.0,27.3,18.2,54.5,15.2,27.3,19.7,75,139,32.0,25.0,15.0,3.0,0.0,11.0,35.0,38.0,28.0,27.0,33.1,66.9,66.0,507.0,502.0,513.0
Ipswich High,Public School,543,16.0,67.0,12.3,103.0,19.0,49.0,9.0,0.7,2.0,3.5,90.8,0.0,0.0,2.9,49.7,50.3,12.2,94.7,0.8,0.8,2.3,146.0,118.0,80.8,0.0,39.8,14.4,45.8,13.6,12.7,17.8,126,232,49.0,50.0,25.0,2.0,0.0,5.0,41.0,80.0,72.0,34.0,19.8,80.2,110.0,528.0,520.0,514.0
King Philip Regional High,Public School,1320,30.0,145.0,11.0,226.0,17.1,107.0,8.1,1.3,1.7,1.5,93.5,0.0,0.1,1.9,53.0,47.0,19.1,95.9,0.5,0.3,1.1,269.0,235.0,87.4,0.0,42.1,14.9,43.0,13.6,12.8,13.2,398,705,214.0,93.0,66.0,19.0,6.0,27.0,113.0,214.0,197.0,154.0,19.9,80.1,332.0,551.0,535.0,544.0
Lee Middle/High School,Public School,349,23.0,44.0,12.6,128.0,36.7,98.0,28.1,0.0,2.0,8.9,87.1,0.0,0.0,2.0,49.9,50.1,12.3,87.7,0.0,3.1,3.1,51.0,36.0,70.6,0.0,16.7,30.6,52.8,30.6,25.0,11.1,62,130,20.0,21.0,19.0,1.0,1.0,32.0,48.0,35.0,13.0,2.0,61.5,38.5,32.0,532.0,519.0,508.0
Leicester High,Public School,455,24.0,56.0,12.3,131.0,28.8,88.0,19.3,4.6,3.1,4.8,84.8,0.7,0.4,1.5,50.5,49.5,16.3,87.6,0.9,1.8,1.8,101.0,82.0,81.2,0.0,28.0,26.8,45.1,26.8,22.0,19.5,100,138,70.0,22.0,8.0,0.0,0.0,28.0,31.0,42.0,22.0,15.0,42.8,57.2,87.0,524.0,513.0,529.0
Lenox Memorial High,Public School,455,29.0,43.0,9.5,118.0,25.9,86.0,18.9,0.7,5.3,6.4,85.3,0.2,0.0,2.2,45.5,54.5,11.3,97.6,0.0,0.0,0.0,64.0,59.0,92.2,0.0,32.2,37.3,30.5,32.2,6.8,15.3,49,91,27.0,9.0,8.0,4.0,1.0,19.0,9.0,17.0,24.0,22.0,30.8,69.2,37.0,598.0,592.0,599.0
Leominster High School,Public School,1086,236.0,166.0,15.3,432.0,39.8,298.0,27.4,9.1,3.3,26.0,59.4,0.4,0.0,1.8,46.9,53.1,13.4,90.5,1.5,1.5,3.4,288.0,217.0,75.3,0.0,15.7,33.6,50.7,33.6,25.3,14.3,149,280,65.0,54.0,19.0,6.0,5.0,45.0,86.0,69.0,55.0,25.0,46.8,53.2,226.0,487.0,464.0,501.0
Lexington High,Public School,2185,526.0,217.0,9.9,394.0,18.0,122.0,5.6,3.5,36.2,3.6,52.4,0.0,0.0,4.2,50.2,49.8,19.2,98.1,0.0,0.4,0.6,482.0,406.0,84.2,0.0,61.3,6.2,32.5,5.7,2.5,13.5,819,"1,622",386.0,232.0,99.0,51.0,51.0,18.0,74.0,214.0,492.0,824.0,5.7,94.3,471.0,619.0,611.0,645.0
Lincoln-Sudbury Regional High,Public School,1568,56.0,241.0,15.4,305.0,19.5,87.0,5.5,4.3,6.1,4.2,80.6,0.1,0.1,4.7,49.7,50.3,19.7,98.2,0.0,0.0,0.0,384.0,332.0,86.5,0.0,63.9,4.8,31.3,4.2,2.7,9.3,235,339,157.0,59.0,14.0,3.0,2.0,7.0,7.0,42.0,95.0,188.0,4.1,95.9,336.0,577.0,572.0,610.0
Littleton High School,Public School,467,13.0,87.0,18.6,105.0,22.5,25.0,5.4,0.4,4.9,1.5,89.7,0.0,0.6,2.8,49.0,51.0,15.8,98.1,0.0,0.0,0.0,101.0,88.0,87.1,0.0,38.6,8.0,53.4,5.7,14.8,19.3,97,213,32.0,32.0,19.0,10.0,4.0,3.0,13.0,51.0,69.0,77.0,7.5,92.5,96.0,578.0,578.0,589.0
Longmeadow High,Public School,947,43.0,150.0,15.8,195.0,20.6,52.0,5.5,2.4,8.7,3.8,82.9,0.0,0.1,2.1,49.8,50.2,18.9,98.8,0.0,0.4,0.0,246.0,227.0,92.3,0.0,44.9,15.4,39.6,15.0,8.8,10.6,209,497,71.0,60.0,33.0,22.0,23.0,9.0,37.0,107.0,189.0,155.0,9.3,90.7,221.0,552.0,541.0,570.0
Lowell High,Public School,3145,583.0,325.0,10.3,1771.0,56.3,1393.0,44.3,11.3,32.0,23.8,30.8,0.1,0.0,1.9,50.0,50.0,18.3,82.0,3.4,2.0,5.8,575.0,448.0,77.9,0.0,14.3,48.4,37.3,47.5,9.6,24.3,350,599,203.0,73.0,48.0,24.0,2.0,105.0,163.0,144.0,120.0,67.0,44.7,55.3,445.0,465.0,446.0,491.0
Ludlow Senior High,Public School,895,82.0,128.0,14.3,272.0,30.4,182.0,20.3,2.0,0.6,7.8,87.5,0.2,0.0,1.9,49.5,50.5,14.6,94.4,0.0,0.5,2.6,190.0,152.0,80.0,0.0,36.2,42.1,21.7,42.1,5.9,12.5,124,220,64.0,36.0,13.0,10.0,1.0,26.0,53.0,87.0,37.0,17.0,35.9,64.1,123.0,499.0,490.0,505.0
Lunenburg High,Public School,439,12.0,55.0,12.5,92.0,21.0,62.0,14.1,3.2,4.3,2.7,87.7,0.5,0.2,1.4,48.3,51.7,15.3,93.7,0.0,1.1,1.1,102.0,89.0,87.3,0.0,25.8,13.5,60.7,13.5,24.7,19.1,89,195,26.0,31.0,23.0,7.0,2.0,8.0,57.0,55.0,48.0,27.0,33.3,66.7,79.0,533.0,505.0,525.0
Classical High,Public School,1569,912.0,188.0,12.0,904.0,57.6,687.0,43.8,11.9,11.7,50.9,22.8,0.2,0.1,2.4,52.9,47.1,19.9,79.5,1.1,1.4,13.4,281.0,178.0,63.3,0.0,16.3,52.8,30.9,50.0,14.0,11.8,146,234,85.0,37.0,21.0,3.0,0.0,63.0,61.0,61.0,27.0,22.0,53.0,47.0,210.0,450.0,431.0,466.0
Lynn English High,Public School,1598,961.0,184.0,11.5,995.0,62.3,708.0,44.3,9.7,8.1,60.3,18.8,0.1,0.0,2.9,52.4,47.6,18.6,77.3,2.1,0.9,12.6,325.0,215.0,66.2,0.0,20.5,50.7,28.8,47.9,13.5,11.2,136,256,58.0,45.0,25.0,7.0,1.0,103.0,59.0,51.0,35.0,8.0,63.3,36.7,215.0,449.0,440.0,455.0
Lynn Vocational Technical Institute,Public School,969,603.0,240.0,24.8,661.0,68.2,472.0,48.7,8.6,6.0,66.9,15.9,0.2,0.0,2.5,57.9,42.1,15.8,78.5,0.5,0.5,5.4,120.0,54.0,45.0,0.0,14.8,77.8,7.4,75.9,3.7,3.7,31,44,22.0,5.0,4.0,0.0,0.0,28.0,8.0,5.0,2.0,1.0,81.8,18.2,64.0,423.0,398.0,439.0
Lynnfield High,Public School,628,22.0,93.0,14.8,134.0,21.3,49.0,7.8,2.1,3.0,3.5,90.1,0.0,0.0,1.3,48.9,51.1,16.4,98.8,0.0,0.6,0.0,152.0,133.0,87.5,0.0,54.1,12.8,33.1,12.8,6.8,15.8,149,332,43.0,59.0,25.0,14.0,8.0,18.0,50.0,98.0,92.0,74.0,20.5,79.5,147.0,530.0,541.0,547.0
MATCH Charter Public School,Charter School,1145,687.0,221.0,19.3,871.0,76.1,646.0,56.4,45.9,1.3,46.7,3.5,0.5,0.1,1.9,47.7,52.3,26.5,63.9,0.0,0.0,3.3,43.0,39.0,90.7,0.0,28.2,23.1,48.7,23.1,20.5,28.2,94,160,47.0,32.0,11.0,4.0,0.0,44.0,52.0,36.0,17.0,11.0,60.0,40.0,51.0,435.0,433.0,504.0
Ma Academy for Math and Science School,Public School,97,9.0,0.0,0.0,5.0,5.2,5.0,5.2,1.0,42.3,0.0,52.6,0.0,0.0,4.1,54.6,45.4,16.3,100.0,0.0,0.0,0.0,46.0,43.0,93.5,0.0,60.5,0.0,39.5,0.0,0.0,30.2,39,69,23.0,8.0,3.0,4.0,1.0,0.0,4.0,12.0,24.0,29.0,5.8,94.2,49.0,703.0,688.0,741.0
Malden High,Public School,1833,963.0,259.0,14.1,1069.0,58.3,731.0,39.9,21.2,23.4,22.9,28.6,0.4,0.1,3.4,50.6,49.4,19.1,84.5,1.5,1.3,5.3,427.0,327.0,76.6,0.0,26.9,38.2,34.9,37.3,9.5,22.9,490,871,247.0,136.0,83.0,20.0,4.0,254.0,255.0,224.0,99.0,39.0,58.4,41.6,322.0,455.0,444.0,507.0
Manchester Essex Regional High School,Public School,424,11.0,41.0,9.7,78.0,18.4,34.0,8.0,0.2,0.7,0.7,97.9,0.0,0.0,0.5,43.9,56.1,13.4,97.4,0.0,0.0,0.9,112.0,100.0,89.3,0.0,55.0,9.0,36.0,9.0,7.0,7.0,125,282,37.0,39.0,34.0,11.0,4.0,9.0,29.0,59.0,89.0,96.0,13.5,86.5,104.0,595.0,582.0,601.0
Mansfield High,Public School,1315,58.0,151.0,11.5,246.0,18.7,120.0,9.1,2.5,3.6,3.3,87.9,0.3,0.2,2.2,49.4,50.6,14.3,97.8,0.3,0.0,1.0,320.0,285.0,89.1,0.0,38.6,10.5,50.9,10.5,18.2,13.7,228,401,102.0,88.0,30.0,7.0,1.0,5.0,39.0,126.0,128.0,103.0,11.0,89.0,275.0,541.0,537.0,566.0
Marblehead High,Public School,1051,50.0,215.0,20.5,275.0,26.2,92.0,8.8,3.7,1.6,5.4,87.7,0.1,0.0,1.4,46.1,53.9,14.2,95.8,0.0,0.8,1.1,233.0,208.0,89.3,0.0,56.3,3.8,39.9,2.4,8.2,7.7,305,568,144.0,97.0,43.0,12.0,9.0,19.0,63.0,147.0,184.0,155.0,14.4,85.6,231.0,563.0,565.0,564.0
Marlborough High,Public School,1091,404.0,168.0,15.4,503.0,46.1,305.0,28.0,3.3,3.8,41.8,49.8,0.1,0.0,1.3,51.1,48.9,13.5,87.0,2.4,0.0,3.7,246.0,189.0,76.8,0.0,41.8,21.2,37.0,20.6,12.7,18.0,255,521,105.0,78.0,42.0,21.0,9.0,156.0,143.0,125.0,65.0,32.0,57.4,42.6,177.0,498.0,479.0,523.0
Marshfield High,Public School,1370,23.0,192.0,14.0,311.0,22.7,140.0,10.2,0.9,0.8,2.2,95.1,0.2,0.1,0.7,49.8,50.2,18.2,97.1,0.6,0.3,1.0,302.0,263.0,87.1,0.0,35.7,11.8,52.5,11.8,17.9,15.6,180,332,85.0,55.0,28.0,8.0,4.0,22.0,70.0,117.0,87.0,36.0,27.7,72.3,265.0,518.0,512.0,520.0
Martha's Vineyard Regional High,Public School,661,80.0,126.0,19.1,248.0,37.5,131.0,19.8,3.3,1.2,10.3,78.7,1.8,0.2,4.5,52.2,47.8,12.0,92.3,0.6,0.6,3.0,160.0,121.0,75.6,0.0,51.2,10.7,38.0,9.1,9.1,9.1,118,195,68.0,25.0,23.0,2.0,0.0,9.0,50.0,74.0,44.0,18.0,30.3,69.7,118.0,531.0,510.0,527.0
Masconomet Regional High School,Public School,1188,23.0,163.0,13.7,215.0,18.1,69.0,5.8,0.3,3.1,2.4,92.7,0.3,0.0,1.2,49.8,50.2,15.8,97.5,0.0,0.6,0.8,316.0,287.0,90.8,0.0,47.4,11.5,41.1,9.8,5.6,15.0,281,503,131.0,92.0,45.0,12.0,1.0,21.0,62.0,137.0,170.0,113.0,16.5,83.5,334.0,549.0,547.0,567.0
Mashpee High,Public School,415,12.0,72.0,17.3,152.0,36.6,98.0,23.6,3.6,1.7,3.4,80.5,5.1,0.0,5.8,54.5,45.5,11.4,90.2,0.0,0.0,4.9,104.0,72.0,69.2,0.0,31.9,30.6,37.5,29.2,11.1,13.9,120,225,64.0,25.0,16.0,12.0,3.0,31.0,86.0,57.0,43.0,8.0,52.0,48.0,75.0,501.0,477.0,492.0
Maynard High,Public School,502,42.0,89.0,17.7,159.0,31.7,86.0,17.1,4.8,3.8,11.2,76.9,0.2,0.0,3.2,49.2,50.8,16.4,88.4,4.7,1.2,3.5,72.0,55.0,76.4,0.0,29.1,21.8,49.1,21.8,12.7,14.5,85,135,39.0,42.0,4.0,0.0,0.0,11.0,33.0,52.0,19.0,20.0,32.6,67.4,68.0,540.0,524.0,546.0
Medfield Senior High,Public School,842,10.0,88.0,10.5,114.0,13.5,32.0,3.8,1.1,5.5,2.1,88.8,0.0,0.2,2.3,50.2,49.8,16.6,98.3,0.0,0.0,0.9,199.0,188.0,94.5,0.5,56.9,4.3,38.3,3.7,5.3,8.0,288,574,119.0,92.0,49.0,18.0,10.0,51.0,96.0,165.0,178.0,84.0,25.6,74.4,226.0,553.0,558.0,587.0
Medway High,Public School,762,2.0,89.0,11.7,121.0,15.9,48.0,6.3,1.3,1.8,3.0,91.6,0.4,0.1,1.7,50.9,49.1,16.6,96.7,0.5,0.5,1.0,180.0,158.0,87.8,0.0,39.9,7.0,53.2,6.3,10.8,20.9,286,573,124.0,85.0,41.0,25.0,11.0,52.0,87.0,150.0,179.0,105.0,24.3,75.7,186.0,535.0,526.0,547.0
Melrose High,Public School,988,85.0,147.0,14.9,235.0,23.8,117.0,11.8,7.8,4.0,4.6,80.5,0.0,0.0,3.1,47.0,53.0,18.1,95.8,0.0,0.0,2.1,219.0,185.0,84.5,0.5,34.6,16.8,48.1,16.2,13.0,23.8,268,583,104.0,74.0,48.0,27.0,15.0,64.0,111.0,154.0,160.0,94.0,30.0,70.0,207.0,530.0,527.0,534.0
Nipmuc Regional High,Public School,593,17.0,74.0,12.5,119.0,20.1,61.0,10.3,1.0,2.0,2.9,91.9,0.0,0.0,2.2,46.0,54.0,13.6,94.5,1.2,0.0,1.8,162.0,137.0,84.6,0.0,45.3,7.3,47.4,5.8,16.8,19.0,156,313,58.0,53.0,33.0,11.0,1.0,30.0,52.0,76.0,96.0,59.0,26.2,73.8,139.0,529.0,514.0,544.0
Methuen High,Public School,1891,466.0,204.0,10.8,721.0,38.1,571.0,30.2,0.2,4.0,33.7,56.6,0.2,0.1,5.1,52.0,48.0,16.7,87.9,2.5,1.0,5.2,418.0,325.0,77.8,0.0,23.7,48.6,27.7,46.5,6.2,15.4,351,552,216.0,84.0,38.0,11.0,2.0,114.0,191.0,146.0,77.0,24.0,55.3,44.7,262.0,473.0,459.0,482.0
Middleborough High,Public School,694,7.0,122.0,17.6,221.0,31.8,146.0,21.0,2.2,0.7,3.2,90.3,0.6,0.0,3.0,51.6,48.4,14.6,93.3,0.4,0.0,4.9,173.0,126.0,72.8,0.0,30.2,37.3,32.5,36.5,13.5,11.9,182,253,117.0,59.0,6.0,0.0,0.0,26.0,56.0,90.0,53.0,28.0,32.4,67.6,151.0,501.0,481.0,509.0
Milford High,Public School,1135,250.0,150.0,13.2,427.0,37.6,300.0,26.4,3.0,2.5,22.0,69.6,1.4,0.1,1.4,49.8,50.2,16.2,84.2,0.7,0.7,9.6,260.0,201.0,77.3,0.0,28.4,16.9,54.7,14.9,26.4,15.4,315,492,183.0,94.0,31.0,7.0,0.0,68.0,150.0,143.0,82.0,49.0,44.3,55.7,199.0,505.0,492.0,514.0
Millbury Junior/Senior High,Public School,727,32.0,126.0,17.3,257.0,35.4,165.0,22.7,2.5,1.9,7.4,84.9,0.3,0.1,2.9,49.2,50.8,15.2,96.0,0.0,1.0,0.0,130.0,98.0,75.4,0.0,27.6,24.5,48.0,23.5,32.7,12.2,69,115,41.0,14.0,10.0,4.0,0.0,17.0,45.0,31.0,13.0,9.0,53.9,46.1,69.0,480.0,459.0,492.0
Millis High School,Public School,390,2.0,43.0,11.0,73.0,18.7,38.0,9.7,2.6,1.8,3.6,89.5,1.0,0.3,1.3,49.5,50.5,14.5,93.8,0.0,1.0,4.1,93.0,82.0,88.2,0.0,50.0,7.3,42.7,7.3,13.4,15.9,93,149,52.0,30.0,8.0,2.0,1.0,10.0,33.0,49.0,37.0,20.0,28.9,71.1,84.0,516.0,496.0,503.0
Milton High,Public School,1001,83.0,119.0,11.9,215.0,21.5,112.0,11.2,21.1,7.1,5.1,62.1,0.0,0.4,4.2,49.1,50.9,16.9,96.9,0.0,0.0,0.4,224.0,200.0,89.3,0.0,45.5,12.5,42.0,11.5,6.0,21.5,281,589,109.0,74.0,68.0,22.0,8.0,43.0,101.0,198.0,151.0,96.0,24.4,75.6,204.0,530.0,524.0,555.0
Minuteman Regional High,Public School,582,29.0,281.0,48.3,363.0,62.4,152.0,26.1,6.2,3.3,10.1,76.8,0.3,0.0,3.3,66.5,33.3,12.0,88.0,0.0,0.6,1.9,163.0,94.0,57.7,0.0,28.7,43.6,27.7,42.6,6.4,14.9,19,25,14.0,4.0,1.0,0.0,0.0,4.0,6.0,8.0,6.0,1.0,40.0,60.0,80.0,480.0,448.0,470.0
Mohawk Trail Regional High,Public School,422,1.0,92.0,21.8,197.0,46.7,146.0,34.6,0.5,1.2,2.8,91.5,0.2,0.0,3.8,49.8,50.2,12.3,81.9,0.0,4.8,8.4,82.0,65.0,79.3,0.0,40.0,33.8,26.2,33.8,13.8,3.1,52,88,29.0,14.0,7.0,1.0,1.0,4.0,23.0,24.0,26.0,11.0,30.7,69.3,52.0,545.0,510.0,546.0
Monomoy Regional High School,Public School,599,42.0,89.0,14.9,185.0,30.9,123.0,20.5,6.5,2.2,3.5,83.0,0.7,0.0,4.2,50.1,49.9,12.3,89.5,0.0,0.9,4.4,85.0,65.0,76.5,0.0,41.5,33.8,24.6,32.3,7.7,4.6,88,169,37.0,32.0,10.0,7.0,2.0,28.0,40.0,45.0,36.0,20.0,40.2,59.8,79.0,546.0,524.0,532.0
Monson High School,Public School,287,4.0,25.0,8.7,65.0,22.6,49.0,17.1,0.7,0.7,1.7,94.1,0.0,0.3,2.4,49.8,50.2,14.7,96.7,0.0,0.0,2.2,76.0,62.0,81.6,0.0,30.6,41.9,27.4,33.9,12.9,8.1,98,125,75.0,19.0,4.0,0.0,0.0,31.0,42.0,30.0,13.0,9.0,58.4,41.6,70.0,497.0,480.0,500.0
Montachusett Regional Vocational Technical,Public School,1429,55.0,209.0,14.6,492.0,34.4,329.0,23.0,0.9,1.0,13.9,80.1,0.1,0.0,4.1,54.6,45.2,18.7,98.6,0.0,0.0,0.3,316.0,170.0,53.8,0.0,17.1,48.8,34.1,47.6,26.5,2.9,145,187,108.0,32.0,5.0,0.0,0.0,68.0,75.0,29.0,12.0,3.0,76.5,23.5,201.0,473.0,440.0,470.0
Mt Greylock Regional High,Public School,562,4.0,83.0,14.8,152.0,27.0,99.0,17.6,1.4,1.1,2.5,90.0,0.2,0.0,4.8,49.3,50.7,13.3,92.6,0.0,2.5,1.2,86.0,73.0,84.9,0.0,53.4,16.4,30.1,16.4,8.2,6.8,112,236,50.0,22.0,24.0,11.0,5.0,22.0,39.0,78.0,59.0,38.0,25.8,74.2,58.0,593.0,577.0,585.0
Nantucket High,Public School,538,117.0,91.0,16.9,202.0,37.5,93.0,17.3,12.5,1.5,23.4,59.3,0.4,0.0,3.0,52.4,47.6,12.8,83.3,1.6,0.0,4.8,99.0,72.0,72.7,0.0,66.7,6.9,26.4,4.2,8.3,11.1,110,214,49.0,30.0,20.0,10.0,1.0,63.0,38.0,61.0,24.0,28.0,47.2,52.8,93.0,524.0,511.0,490.0
Narragansett Regional High,Public School,372,3.0,52.0,14.0,108.0,29.0,75.0,20.2,0.8,0.8,5.1,90.1,0.0,0.0,3.2,48.7,51.3,11.9,87.6,3.1,1.0,5.2,91.0,60.0,65.9,0.0,13.3,40.0,46.7,38.3,23.3,8.3,89,144,53.0,20.0,13.0,3.0,0.0,28.0,52.0,29.0,26.0,9.0,55.6,44.4,53.0,502.0,487.0,510.0
Nashoba Regional,Public School,1011,22.0,133.0,13.2,171.0,16.9,51.0,5.0,1.6,2.3,4.9,87.1,0.2,0.0,3.9,48.8,51.2,14.5,94.5,0.4,1.1,2.9,249.0,224.0,90.0,0.4,41.5,11.2,46.9,11.2,8.9,17.0,291,520,170.0,52.0,39.0,24.0,6.0,22.0,54.0,105.0,171.0,168.0,14.6,85.4,239.0,552.0,539.0,563.0
Nashoba Valley Technical High School,Public School,732,8.0,250.0,34.2,350.0,47.8,143.0,19.5,0.7,0.8,6.3,88.7,0.8,0.0,2.7,58.9,41.0,15.6,96.8,0.0,0.0,1.9,162.0,91.0,56.2,0.0,15.4,50.5,34.1,49.5,22.0,9.9,88,132,59.0,18.0,7.0,4.0,0.0,77.0,38.0,15.0,2.0,0.0,87.1,12.9,81.0,469.0,426.0,469.0
Natick High,Public School,1664,114.0,262.0,15.7,393.0,23.6,172.0,10.3,3.5,7.7,4.1,81.4,0.1,0.1,3.0,50.3,49.7,17.3,98.4,1.1,0.3,0.0,339.0,290.0,85.5,0.0,48.3,12.4,39.3,12.1,10.3,15.2,357,732,167.0,84.0,53.0,32.0,21.0,69.0,76.0,136.0,225.0,226.0,19.8,80.2,322.0,555.0,538.0,565.0
Nauset Regional High,Public School,929,36.0,116.0,12.5,261.0,28.1,166.0,17.9,4.5,2.7,3.0,86.7,0.5,0.1,2.5,47.5,52.5,13.7,93.3,0.8,0.0,0.8,250.0,194.0,77.6,0.0,42.3,29.9,27.8,27.8,4.1,7.7,299,601,149.0,71.0,38.0,20.0,21.0,34.0,112.0,163.0,162.0,130.0,24.3,75.7,197.0,526.0,515.0,530.0
Needham High,Public School,1659,133.0,258.0,15.6,327.0,19.7,92.0,5.5,3.4,7.7,5.0,80.8,0.1,0.1,3.0,49.7,50.3,17.5,99.0,0.0,0.0,0.0,379.0,345.0,91.0,0.0,52.8,4.6,42.6,4.1,2.6,16.8,431,807,205.0,127.0,59.0,29.0,11.0,10.0,50.0,162.0,242.0,343.0,7.4,92.6,361.0,575.0,571.0,584.0
New Bedford High,Public School,2014,816.0,370.0,18.4,1538.0,76.4,1187.0,58.9,13.0,1.1,46.1,34.8,0.8,0.4,3.9,53.5,46.5,15.6,65.2,7.5,0.7,13.8,320.0,203.0,63.4,1.0,20.7,44.3,34.0,43.3,10.8,19.7,272,477,135.0,79.0,49.0,8.0,1.0,181.0,187.0,68.0,27.0,14.0,77.1,22.9,214.0,449.0,421.0,449.0
Newburyport High,Public School,779,23.0,81.0,10.4,148.0,19.0,82.0,10.5,1.2,1.5,4.0,91.1,0.0,0.0,2.2,47.2,52.6,16.3,96.1,0.0,0.6,0.6,187.0,159.0,85.0,0.0,40.9,8.8,50.3,7.5,6.3,20.1,148,272,67.0,50.0,24.0,3.0,4.0,2.0,25.0,63.0,102.0,80.0,9.9,90.1,149.0,549.0,544.0,563.0
Newton North High,Public School,2126,371.0,522.0,24.6,682.0,32.1,221.0,10.4,5.0,14.3,9.3,66.4,0.2,0.1,4.7,49.9,50.1,15.9,98.2,0.2,0.0,0.0,449.0,385.0,85.7,0.0,58.2,9.4,32.5,8.8,3.1,14.5,453,869,196.0,131.0,97.0,26.0,3.0,14.0,53.0,148.0,282.0,372.0,7.7,92.3,409.0,580.0,572.0,598.0
Newton South High,Public School,1851,480.0,330.0,17.8,525.0,28.4,162.0,8.8,5.9,19.6,6.1,64.1,0.1,0.0,4.3,50.9,49.1,13.9,98.9,0.0,0.0,0.0,429.0,361.0,84.1,0.3,60.1,5.3,34.3,5.0,1.4,16.1,514,"1,018",233.0,139.0,90.0,33.0,19.0,30.0,74.0,157.0,300.0,457.0,10.2,89.8,381.0,596.0,599.0,620.0
Drury High,Public School,439,5.0,104.0,23.7,261.0,59.5,234.0,53.3,3.4,0.0,5.9,82.9,0.2,0.2,7.3,47.6,52.4,11.0,81.4,0.8,0.8,8.5,98.0,49.0,50.0,2.0,22.4,32.7,42.9,30.6,22.4,6.1,116,248,39.0,37.0,25.0,15.0,0.0,102.0,88.0,45.0,9.0,4.0,76.6,23.4,54.0,472.0,468.0,477.0
North Andover High,Public School,1391,93.0,151.0,10.9,264.0,19.0,150.0,10.8,3.2,6.9,7.3,80.4,0.2,0.4,1.6,46.3,53.7,18.6,97.0,1.2,0.3,0.3,363.0,325.0,89.5,0.0,30.5,16.6,52.9,16.3,7.4,26.2,278,404,177.0,77.0,23.0,1.0,0.0,5.0,35.0,136.0,143.0,85.0,9.9,90.1,280.0,523.0,517.0,530.0
North Attleboro High,Public School,1163,62.0,140.0,12.0,257.0,22.1,144.0,12.4,2.8,5.7,4.6,84.8,0.4,0.1,1.7,49.5,50.5,16.9,94.3,0.3,0.0,2.7,300.0,263.0,87.7,0.4,31.2,19.0,49.4,16.0,20.5,15.2,234,368,145.0,54.0,26.0,8.0,1.0,11.0,34.0,95.0,125.0,103.0,12.2,87.8,249.0,530.0,508.0,537.0
North Brookfield High,Public School,230,5.0,28.0,12.2,92.0,40.0,79.0,34.3,1.3,0.9,5.7,89.6,0.0,0.0,2.6,43.9,56.1,13.0,92.3,0.0,0.0,2.6,28.0,20.0,71.4,0.0,40.0,45.0,15.0,45.0,15.0,0.0,18,36,6.0,6.0,6.0,0.0,0.0,8.0,15.0,7.0,6.0,0.0,63.9,36.1,15.0,501.0,480.0,466.0
North Middlesex Regional,Public School,795,15.0,109.0,13.7,180.0,22.6,100.0,12.6,1.3,0.8,3.1,92.8,0.0,0.1,1.9,48.1,51.9,17.0,96.3,0.8,0.4,1.2,220.0,185.0,84.1,0.0,25.4,18.9,55.7,14.6,21.6,24.9,179,264,117.0,42.0,18.0,1.0,1.0,40.0,54.0,97.0,53.0,20.0,35.6,64.4,195.0,520.0,498.0,535.0
North Reading High,Public School,811,11.0,126.0,15.5,161.0,19.9,48.0,5.9,0.4,2.7,2.2,93.6,0.0,0.2,0.9,49.9,50.1,20.2,93.4,0.0,0.5,2.5,175.0,142.0,81.1,0.0,40.1,9.2,50.7,9.2,20.4,14.8,255,483,110.0,88.0,36.0,17.0,4.0,63.0,109.0,134.0,101.0,76.0,35.6,64.4,166.0,551.0,541.0,554.0
Northampton High,Public School,874,69.0,131.0,15.0,251.0,28.7,163.0,18.6,2.4,5.0,14.0,74.4,0.1,0.0,4.1,46.8,53.2,17.2,93.0,1.7,1.7,2.2,218.0,188.0,86.2,0.0,51.1,21.3,27.7,20.2,5.3,12.8,315,640,129.0,92.0,56.0,31.0,7.0,39.0,119.0,162.0,168.0,152.0,24.7,75.3,183.0,585.0,556.0,576.0
Algonquin Regional High,Public School,1443,134.0,163.0,11.3,249.0,17.3,80.0,5.5,1.2,10.2,4.7,80.8,0.1,0.3,2.6,47.1,52.9,16.4,95.7,0.0,0.0,2.7,349.0,325.0,93.1,0.0,46.5,2.8,50.8,2.8,10.8,16.0,387,759,183.0,114.0,46.0,22.0,22.0,12.0,59.0,209.0,261.0,218.0,9.4,90.6,333.0,551.0,552.0,566.0
Northbridge High,Public School,584,19.0,77.0,13.2,191.0,32.7,140.0,24.0,0.5,1.2,7.7,87.8,0.0,0.0,2.7,52.4,47.6,12.9,90.1,1.3,0.7,5.9,170.0,98.0,57.6,0.0,29.6,28.6,41.8,27.6,20.4,11.2,133,206,74.0,45.0,14.0,0.0,0.0,48.0,71.0,46.0,30.0,11.0,57.8,42.2,100.0,498.0,470.0,490.0
Charles McCann Vocational Technical,Public School,484,0.0,93.0,19.2,195.0,40.3,146.0,30.2,1.0,0.2,3.1,92.8,0.2,0.0,2.7,63.0,37.0,12.6,96.7,0.0,0.8,0.8,115.0,49.0,42.6,0.0,18.4,40.8,40.8,36.7,34.7,2.0,21,25,17.0,4.0,0.0,0.0,0.0,16.0,1.0,5.0,2.0,1.0,68.0,32.0,71.0,480.0,440.0,480.0
Norton High,Public School,763,8.0,105.0,13.8,181.0,23.7,104.0,13.6,1.7,1.6,1.7,93.4,0.0,0.4,1.2,50.6,49.4,19.8,96.2,0.0,0.0,2.7,153.0,123.0,80.4,0.0,23.6,21.1,55.3,20.3,25.2,15.4,179,332,82.0,52.0,36.0,7.0,2.0,34.0,59.0,92.0,88.0,59.0,28.0,72.0,151.0,520.0,502.0,513.0
Norwell High,Public School,709,5.0,71.0,10.0,92.0,13.0,25.0,3.5,0.4,2.1,2.0,94.1,0.0,0.1,1.3,48.0,52.0,15.6,98.8,0.0,0.0,0.0,169.0,152.0,89.9,0.0,49.3,7.9,42.8,7.9,7.2,18.4,221,378,111.0,78.0,20.0,9.0,3.0,15.0,54.0,117.0,119.0,73.0,18.3,81.7,158.0,555.0,547.0,555.0
Norwood High,Public School,957,133.0,149.0,15.6,319.0,33.3,195.0,20.4,12.7,3.9,9.5,72.2,0.0,0.0,1.7,50.4,49.6,13.8,93.8,0.0,0.4,3.3,263.0,218.0,82.9,0.0,39.0,17.9,43.1,16.5,16.5,16.5,106,189,48.0,38.0,15.0,5.0,0.0,16.0,34.0,67.0,40.0,32.0,26.5,73.5,222.0,505.0,513.0,523.0
Old Rochester Regional High,Public School,748,7.0,83.0,11.1,129.0,17.2,59.0,7.9,2.3,2.3,1.7,91.6,0.1,0.0,2.0,49.2,50.8,17.6,94.8,0.5,0.0,2.1,181.0,157.0,86.7,0.0,33.8,18.5,47.8,17.2,15.3,22.3,162,306,65.0,62.0,23.0,12.0,0.0,29.0,56.0,87.0,88.0,46.0,27.8,72.2,152.0,536.0,531.0,546.0
Oxford High,Public School,538,13.0,74.0,13.8,224.0,41.6,187.0,34.8,1.9,1.7,9.5,82.9,0.4,0.0,3.7,49.6,50.4,14.4,92.2,1.7,0.9,1.7,111.0,85.0,76.6,0.0,37.6,32.9,29.4,31.8,23.5,2.4,97,209,30.0,30.0,29.0,8.0,0.0,69.0,72.0,47.0,17.0,4.0,67.5,32.5,69.0,498.0,488.0,525.0
Palmer High,Public School,486,17.0,90.0,18.5,197.0,40.5,149.0,30.7,2.9,1.9,6.2,87.0,0.0,0.0,2.1,53.7,46.3,12.2,86.0,0.0,0.9,8.4,74.0,57.0,77.0,0.0,38.6,40.4,21.1,40.4,12.3,7.0,72,138,32.0,23.0,10.0,5.0,2.0,32.0,40.0,32.0,20.0,14.0,52.2,47.8,68.0,503.0,493.0,504.0
Peabody Veterans Memorial High,Public School,1540,83.0,296.0,19.2,642.0,41.7,422.0,27.4,4.0,2.1,15.7,76.2,0.0,0.0,1.9,50.8,49.2,15.7,87.6,0.2,0.9,4.6,436.0,331.0,75.9,0.3,30.5,24.2,45.0,24.2,22.7,14.2,370,619,206.0,99.0,46.0,18.0,1.0,105.0,152.0,163.0,144.0,55.0,41.5,58.5,283.0,497.0,476.0,508.0
Pembroke High School,Public School,973,3.0,100.0,10.3,186.0,19.1,104.0,10.7,0.9,0.8,0.4,97.0,0.0,0.4,0.4,50.2,49.8,18.3,96.2,0.0,0.0,3.8,246.0,187.0,76.0,0.0,40.6,11.8,47.6,10.7,17.6,18.7,199,401,73.0,64.0,51.0,8.0,3.0,57.0,89.0,130.0,92.0,33.0,36.4,63.6,193.0,505.0,500.0,522.0
Pentucket Regional Sr High,Public School,734,1.0,83.0,11.3,133.0,18.1,64.0,8.7,0.3,1.2,2.3,95.5,0.0,0.0,0.7,47.5,52.5,13.9,91.9,0.0,2.7,3.2,195.0,163.0,83.6,0.0,33.1,32.5,34.4,32.5,6.7,9.2,167,302,66.0,72.0,25.0,3.0,1.0,30.0,64.0,90.0,71.0,47.0,31.1,68.9,143.0,524.0,528.0,532.0
Pioneer Charter School of Science,Charter School,543,380.0,44.0,8.1,356.0,65.6,207.0,38.1,29.7,10.3,29.1,29.3,0.9,0.2,0.6,51.2,48.8,18.2,96.4,0.0,0.0,1.8,54.0,49.0,90.7,0.0,28.6,22.4,49.0,22.4,12.2,36.7,65,103,37.0,18.0,10.0,0.0,0.0,18.0,28.0,25.0,21.0,11.0,44.7,55.3,56.0,484.0,467.0,555.0
Pioneer Valley Regional,Public School,409,2.0,52.0,12.7,107.0,26.2,68.0,16.6,2.0,1.0,1.7,92.9,0.2,0.0,2.2,48.7,51.3,13.0,96.8,0.0,0.0,3.2,79.0,55.0,69.6,0.0,27.3,40.0,32.7,36.4,5.5,9.1,36,51,22.0,13.0,1.0,0.0,0.0,7.0,20.0,11.0,13.0,0.0,52.9,47.1,45.0,520.0,504.0,500.0
Pioneer Valley Performing Arts Charter Public School,Charter School,398,0.0,74.0,18.6,140.0,35.2,85.0,21.4,8.3,2.0,13.6,68.8,0.3,0.0,7.0,32.2,67.3,12.0,92.6,0.0,2.9,0.0,55.0,48.0,87.3,0.0,45.8,25.0,29.2,25.0,8.3,10.4,10,10,10.0,0.0,0.0,0.0,0.0,2.0,1.0,3.0,4.0,0.0,30.0,70.0,53.0,569.0,544.0,517.0
Pittsfield High,Public School,861,89.0,221.0,25.7,436.0,50.6,331.0,38.4,10.8,2.1,11.5,70.8,0.1,0.0,4.6,51.5,48.5,13.8,78.1,1.7,1.7,10.7,204.0,143.0,70.1,1.4,28.7,42.7,27.3,42.0,12.6,9.1,198,393,91.0,37.0,53.0,16.0,1.0,79.0,115.0,88.0,64.0,47.0,49.4,50.6,119.0,508.0,484.0,497.0
Taconic High,Public School,706,36.0,124.0,17.6,346.0,49.0,287.0,40.7,12.9,1.4,6.9,71.8,0.3,0.0,6.7,51.6,48.4,11.8,88.2,0.0,1.1,7.5,191.0,139.0,72.8,3.6,23.0,57.6,15.8,57.6,8.6,5.0,164,264,88.0,55.0,18.0,3.0,0.0,63.0,84.0,74.0,35.0,8.0,55.7,44.3,90.0,499.0,474.0,500.0
Plymouth North High,Public School,1307,56.0,218.0,16.7,455.0,34.8,309.0,23.6,2.8,1.5,5.7,86.7,0.2,0.1,3.1,51.1,48.9,16.2,87.3,2.4,1.8,4.2,251.0,187.0,74.5,0.0,40.6,20.9,38.5,19.8,13.9,12.8,231,416,114.0,65.0,37.0,14.0,1.0,65.0,99.0,115.0,76.0,61.0,39.4,60.6,324.0,474.0,467.0,492.0
Plymouth South High,Public School,1026,5.0,213.0,20.8,323.0,31.5,169.0,16.5,1.7,0.9,2.8,90.3,0.8,0.3,3.3,53.3,46.7,13.4,93.6,1.2,0.0,2.0,296.0,186.0,62.8,0.5,28.0,26.9,44.6,25.8,16.7,17.7,204,447,64.0,63.0,55.0,18.0,4.0,73.0,136.0,128.0,69.0,41.0,46.8,53.2,225.0,472.0,450.0,491.0
Prospect Hill Academy Charter School,Charter School,1135,509.0,168.0,14.8,608.0,53.6,430.0,37.9,55.0,8.5,20.8,12.3,0.4,0.2,2.8,50.6,49.4,21.2,92.3,0.0,0.0,0.0,70.0,64.0,91.4,0.0,53.1,12.5,34.4,12.5,17.2,15.6,121,204,73.0,26.0,14.0,4.0,4.0,92.0,46.0,38.0,19.0,9.0,67.6,32.4,83.0,455.0,437.0,467.0
Quabbin Regional High School,Public School,676,13.0,101.0,14.9,200.0,29.6,133.0,19.7,0.6,0.9,4.7,90.7,0.0,0.0,3.1,49.3,50.7,17.1,86.9,0.0,2.3,6.9,173.0,133.0,76.9,0.0,26.3,33.8,39.8,33.1,15.8,6.8,96,149,58.0,29.0,4.0,4.0,1.0,45.0,46.0,35.0,15.0,8.0,61.1,38.9,121.0,512.0,476.0,521.0
Quaboag Regional High,Public School,365,22.0,46.0,12.6,153.0,41.9,128.0,35.1,0.5,0.5,7.1,89.0,0.0,0.0,2.7,49.6,50.4,14.7,89.2,0.0,2.2,0.0,77.0,49.0,63.6,0.0,36.7,24.5,38.8,24.5,18.4,16.3,85,134,46.0,32.0,5.0,1.0,1.0,8.0,41.0,50.0,29.0,6.0,36.6,63.4,44.0,520.0,485.0,503.0
North Quincy High,Public School,1168,541.0,147.0,12.6,551.0,47.2,387.0,33.1,2.4,58.4,2.9,35.2,0.2,0.0,0.9,50.5,49.4,16.4,93.5,0.3,0.3,1.3,302.0,240.0,79.5,0.0,39.6,16.7,43.8,15.4,9.6,29.6,169,331,82.0,48.0,21.0,8.0,10.0,12.0,59.0,89.0,93.0,78.0,21.5,78.5,267.0,461.0,453.0,518.0
Quincy High,Public School,1503,366.0,290.0,19.3,760.0,50.6,522.0,34.7,10.4,20.6,7.1,58.4,0.1,0.3,2.9,53.6,46.3,15.7,89.7,0.3,1.3,6.0,383.0,270.0,70.5,0.0,33.0,20.0,47.0,18.9,15.2,25.9,174,401,70.0,41.0,31.0,13.0,19.0,34.0,97.0,119.0,96.0,55.0,32.7,67.3,253.0,486.0,471.0,502.0
Ralph C Mahar Regional,Public School,635,8.0,104.0,16.4,295.0,46.5,256.0,40.3,2.4,1.3,6.8,84.6,0.5,0.0,4.6,50.7,49.3,12.7,86.4,0.0,2.7,9.1,101.0,71.0,70.3,0.0,21.1,49.3,29.6,47.9,15.5,9.9,16,22,11.0,4.0,1.0,0.0,0.0,2.0,5.0,10.0,4.0,1.0,31.8,68.2,60.0,508.0,482.0,516.0
Randolph High,Public School,679,306.0,131.0,19.3,406.0,59.8,290.0,42.7,57.6,18.3,10.9,8.8,0.3,0.4,3.7,54.1,45.9,15.6,81.6,4.0,2.0,3.5,176.0,131.0,74.4,0.0,32.8,38.2,29.0,36.6,6.9,21.4,108,165,60.0,39.0,9.0,0.0,0.0,47.0,42.0,34.0,25.0,17.0,53.9,46.1,115.0,437.0,427.0,460.0
Reading Memorial High,Public School,1265,26.0,229.0,18.1,280.0,22.1,75.0,5.9,2.3,4.4,1.0,91.1,0.2,0.0,1.0,48.9,51.1,17.2,98.4,0.0,0.3,0.9,290.0,266.0,91.7,0.0,45.9,10.5,43.6,10.5,7.9,17.3,206,410,102.0,49.0,22.0,24.0,9.0,20.0,46.0,132.0,130.0,82.0,16.1,83.9,292.0,542.0,524.0,557.0
Revere High,Public School,1837,1109.0,185.0,10.1,993.0,54.1,705.0,38.4,4.7,6.2,54.1,32.7,0.2,0.0,2.2,49.5,50.5,19.7,86.9,3.8,0.7,3.5,342.0,236.0,69.0,0.0,33.9,28.8,37.3,28.4,7.6,28.0,305,494,169.0,88.0,43.0,5.0,0.0,93.0,96.0,112.0,120.0,73.0,38.3,61.7,373.0,430.0,426.0,460.0
Rising Tide Charter Public School,Charter School,665,3.0,96.0,14.4,141.0,21.2,59.0,8.9,1.1,3.0,2.1,89.6,0.5,0.0,3.8,48.1,51.9,18.1,100.0,0.0,0.0,0.0,34.0,30.0,88.2,0.0,26.7,16.7,56.7,16.7,20.0,26.7,16,34,5.0,5.0,5.0,1.0,0.0,3.0,3.0,13.0,11.0,4.0,17.6,82.4,38.0,542.0,537.0,529.0
Rockland Senior High,Public School,703,36.0,27.0,3.8,206.0,29.3,192.0,27.3,4.7,0.3,8.1,82.6,0.0,0.0,4.3,52.5,47.5,16.1,88.7,0.0,0.7,2.8,124.0,89.0,71.8,1.1,27.0,21.3,50.6,19.1,25.8,18.0,135,232,66.0,43.0,24.0,2.0,0.0,58.0,78.0,68.0,24.0,4.0,58.6,41.4,96.0,481.0,467.0,501.0
Rockport High,Public School,294,4.0,49.0,16.7,79.0,26.9,39.0,13.3,1.4,1.0,2.4,92.5,0.0,0.0,2.7,51.7,48.3,13.3,94.9,0.0,1.3,3.8,79.0,67.0,84.8,0.0,40.3,22.4,37.3,17.9,14.9,14.9,53,81,32.0,15.0,5.0,1.0,0.0,6.0,24.0,25.0,19.0,7.0,37.0,63.0,67.0,532.0,500.0,529.0
Sabis International Charter School,Charter School,1576,93.0,205.0,13.0,741.0,47.0,579.0,36.7,29.8,4.1,37.6,23.5,0.0,0.0,5.0,50.1,49.9,25.6,96.4,0.0,0.0,1.8,109.0,99.0,90.8,0.0,20.2,44.4,35.4,44.4,15.2,15.2,56,119,21.0,21.0,4.0,6.0,4.0,25.0,36.0,26.0,20.0,12.0,51.3,48.7,84.0,478.0,453.0,486.0
Salem High,Public School,933,315.0,229.0,24.5,585.0,62.7,424.0,45.4,7.7,2.3,43.0,43.0,0.2,0.0,3.9,51.8,48.2,13.6,87.9,1.7,0.8,5.4,273.0,190.0,69.6,0.5,17.4,33.7,48.4,32.6,31.1,11.1,188,394,68.0,61.0,42.0,9.0,8.0,139.0,119.0,61.0,48.0,27.0,65.5,34.5,144.0,490.0,460.0,487.0
Salem Academy Charter School,Charter School,442,78.0,0.0,0.0,159.0,36.0,141.0,31.9,8.8,5.4,36.7,47.3,0.0,0.0,1.8,45.5,54.5,18.0,87.2,0.0,0.0,2.1,32.0,28.0,87.5,0.0,21.4,10.7,67.9,10.7,50.0,17.9,48,122,13.0,9.0,14.0,11.0,1.0,36.0,37.0,23.0,16.0,10.0,59.8,40.2,46.0,484.0,480.0,495.0
Sandwich High,Public School,709,7.0,101.0,14.2,149.0,21.0,69.0,9.7,1.1,2.3,1.4,94.9,0.1,0.0,0.1,51.9,48.1,14.5,93.1,1.7,0.0,2.9,207.0,174.0,84.1,0.0,41.4,19.0,39.7,19.0,12.1,15.5,199,280,120.0,77.0,2.0,0.0,0.0,56.0,70.0,79.0,50.0,25.0,45.0,55.0,143.0,520.0,508.0,530.0
Saugus High,Public School,678,87.0,87.0,12.8,239.0,35.3,174.0,25.7,5.5,5.9,12.4,75.4,0.4,0.0,0.4,50.3,49.7,13.9,87.3,0.0,1.6,7.9,162.0,137.0,84.6,0.0,29.9,24.8,45.3,24.1,23.4,10.9,163,354,71.0,39.0,25.0,17.0,11.0,92.0,111.0,85.0,47.0,19.0,57.3,42.7,139.0,490.0,484.0,500.0
Scituate High School,Public School,914,9.0,112.0,12.3,175.0,19.1,91.0,10.0,2.6,1.3,0.2,94.3,0.0,0.1,1.4,47.3,52.7,18.6,95.3,0.0,0.0,0.5,205.0,185.0,90.2,0.0,49.7,4.3,45.9,3.8,10.8,13.5,260,520,92.0,103.0,44.0,16.0,5.0,57.0,76.0,147.0,138.0,102.0,25.6,74.4,193.0,544.0,543.0,551.0
Seekonk High,Public School,583,18.0,87.0,14.9,156.0,26.8,85.0,14.6,1.9,2.4,2.9,90.6,0.0,0.0,2.2,46.8,53.2,17.4,95.9,0.0,2.0,0.0,137.0,117.0,85.4,0.0,40.2,17.9,41.9,12.0,6.0,18.8,130,230,57.0,52.0,16.0,4.0,1.0,26.0,49.0,69.0,55.0,31.0,32.6,67.4,110.0,523.0,524.0,532.0
Sharon High,Public School,1058,196.0,132.0,12.5,190.0,18.0,66.0,6.2,8.1,22.1,3.8,62.9,0.0,0.0,3.0,51.2,48.8,15.2,96.0,0.0,1.2,1.2,246.0,214.0,87.0,0.0,48.6,5.1,46.3,4.7,5.6,15.4,318,674,127.0,101.0,40.0,30.0,20.0,7.0,33.0,113.0,221.0,300.0,5.9,94.1,292.0,574.0,578.0,600.0
Shawsheen Valley Vocational Technical High School,Public School,1336,12.0,321.0,24.0,445.0,33.3,175.0,13.1,1.5,0.7,4.3,91.5,0.3,0.0,1.6,57.5,42.5,16.7,99.1,0.0,0.6,0.0,338.0,187.0,55.3,0.0,27.8,39.0,33.2,37.4,15.0,12.3,15,15,15.0,0.0,0.0,0.0,0.0,10.0,4.0,0.0,1.0,0.0,93.3,6.7,174.0,479.0,448.0,480.0
Shrewsbury Sr High,Public School,1792,407.0,207.0,11.6,356.0,19.9,143.0,8.0,1.9,20.6,7.5,67.1,0.2,0.1,2.6,46.7,53.1,16.3,96.8,0.0,0.7,0.7,413.0,386.0,93.5,0.3,46.1,11.7,42.0,11.4,12.4,17.4,291,546,130.0,100.0,36.0,17.0,8.0,11.0,30.0,96.0,179.0,230.0,7.5,92.5,367.0,543.0,543.0,579.0
Silver Lake Regional High,Public School,1279,4.0,206.0,16.1,349.0,27.3,190.0,14.9,1.6,0.7,1.0,95.9,0.0,0.2,0.5,52.5,47.5,20.0,97.9,0.0,0.7,0.7,276.0,208.0,75.4,0.0,35.1,17.3,47.6,16.8,20.7,13.9,215,443,89.0,67.0,28.0,21.0,10.0,17.0,70.0,163.0,129.0,64.0,19.6,80.4,216.0,520.0,509.0,539.0
Somerset Berkley Regional High School,Public School,1006,14.0,99.0,9.8,216.0,21.5,140.0,13.9,1.4,0.5,2.5,92.5,0.0,0.0,3.1,46.8,53.2,13.9,96.2,0.0,1.3,2.5,215.0,186.0,86.5,0.0,18.8,33.9,47.3,33.3,18.8,18.8,158,241,100.0,42.0,9.0,5.0,2.0,5.0,36.0,91.0,67.0,42.0,17.0,83.0,162.0,515.0,502.0,541.0
Somerville High,Public School,1259,723.0,213.0,16.9,730.0,58.0,499.0,39.6,13.6,9.4,45.8,30.5,0.0,0.0,0.7,54.7,45.3,14.0,85.0,0.0,0.3,8.6,279.0,203.0,72.8,0.0,36.9,35.5,27.6,35.0,7.9,19.2,271,584,113.0,60.0,54.0,31.0,13.0,97.0,173.0,151.0,104.0,59.0,46.2,53.8,165.0,462.0,458.0,486.0
South Hadley High,Public School,545,8.0,73.0,13.4,148.0,27.2,105.0,19.3,3.1,1.7,7.2,86.8,0.0,0.4,0.9,50.3,49.7,12.4,93.6,0.7,0.0,3.5,139.0,111.0,79.9,0.0,30.6,38.7,30.6,37.8,9.9,14.4,116,205,64.0,29.0,13.0,7.0,3.0,21.0,70.0,53.0,33.0,28.0,44.4,55.6,90.0,492.0,486.0,533.0
South Shore Charter Public School,Charter School,758,205.0,119.0,15.7,288.0,38.0,110.0,14.5,25.1,4.6,2.8,62.5,0.3,0.1,4.6,50.5,49.5,18.0,100.0,0.0,0.0,0.0,44.0,35.0,79.5,0.0,31.4,42.9,25.7,42.9,8.6,17.1,26,43,13.0,9.0,4.0,0.0,0.0,1.0,12.0,16.0,9.0,5.0,30.2,69.8,34.0,518.0,489.0,489.0
Southeastern Regional Vocational Technical,Public School,1416,336.0,300.0,21.2,779.0,55.0,553.0,39.1,32.6,1.4,11.7,50.4,0.1,0.0,3.9,51.2,48.8,16.1,97.0,0.3,0.7,1.0,294.0,164.0,55.8,0.0,22.0,44.5,33.5,43.9,19.5,9.1,137,168,109.0,25.0,3.0,0.0,0.0,104.0,43.0,17.0,2.0,2.0,87.5,12.5,137.0,426.0,406.0,425.0
Mt Everett Regional,Public School,292,12.0,53.0,18.2,122.0,41.8,86.0,29.5,0.7,0.0,6.8,87.0,0.0,0.0,5.5,51.0,49.0,10.3,94.9,0.0,0.0,5.1,57.0,41.0,71.9,0.0,53.7,24.4,22.0,24.4,2.4,4.9,35,60,14.0,17.0,4.0,0.0,0.0,16.0,12.0,22.0,6.0,4.0,46.7,53.3,42.0,514.0,500.0,501.0
Bay Path Regional Vocational Technical High School,Public School,1114,4.0,163.0,14.6,403.0,36.2,298.0,26.8,0.5,0.4,6.7,91.3,0.1,0.0,0.9,58.0,42.0,13.9,94.3,0.8,0.4,2.7,260.0,110.0,42.3,0.9,33.6,45.5,20.0,42.7,14.5,4.5,116,187,69.0,27.0,16.0,4.0,0.0,69.0,68.0,31.0,17.0,2.0,73.3,26.7,130.0,459.0,432.0,470.0
Southwick Regional School,Public School,737,18.0,140.0,19.0,221.0,30.0,124.0,16.8,1.9,0.4,3.8,92.8,0.0,0.0,1.1,50.6,49.4,15.3,91.4,0.0,1.2,6.1,118.0,96.0,81.4,0.0,28.1,39.6,32.3,36.5,15.6,10.4,75,102,55.0,15.0,3.0,2.0,0.0,19.0,21.0,29.0,17.0,16.0,39.2,60.8,113.0,518.0,498.0,522.0
David Prouty High,Public School,338,5.0,40.0,11.8,134.0,39.6,111.0,32.8,1.2,1.2,8.6,84.0,0.0,0.0,5.0,54.4,45.6,15.8,74.1,0.9,2.8,13.0,96.0,66.0,68.8,0.0,24.2,28.8,47.0,27.3,31.8,12.1,72,148,28.0,22.0,14.0,6.0,2.0,36.0,46.0,31.0,27.0,8.0,55.4,44.6,61.0,514.0,489.0,518.0
Roger L. Putnam Vocational Technical Academy,Public School,1442,406.0,231.0,16.0,1050.0,72.8,949.0,65.8,19.5,1.6,65.5,12.6,0.0,0.0,0.9,45.8,54.2,13.0,92.6,2.7,0.3,2.7,281.0,164.0,58.4,0.0,17.7,66.5,15.9,64.0,11.6,2.4,113,159,81.0,21.0,8.0,3.0,0.0,76.0,47.0,23.0,10.0,3.0,77.4,22.6,265.0,354.0,340.0,371.0
Springfield Central High,Public School,2055,547.0,335.0,16.3,1441.0,70.1,1283.0,62.4,24.1,6.0,51.5,17.0,0.0,0.1,1.1,51.8,48.2,17.0,82.2,2.3,2.1,9.6,435.0,328.0,75.4,0.0,19.8,63.1,17.1,62.5,10.1,5.2,310,564,168.0,71.0,44.0,16.0,11.0,177.0,188.0,120.0,54.0,25.0,64.7,35.3,383.0,403.0,386.0,410.0
Springfield High School of Science and Technology,Public School,1366,474.0,294.0,21.5,1148.0,84.0,1010.0,73.9,17.3,2.3,68.4,11.3,0.0,0.1,0.7,58.8,41.2,13.1,58.6,14.9,0.9,18.4,258.0,140.0,54.3,0.0,12.9,76.4,10.7,73.6,4.3,3.6,163,312,66.0,53.0,37.0,6.0,1.0,244.0,50.0,15.0,2.0,1.0,94.2,5.8,178.0,332.0,306.0,336.0
The Springfield Renaissance School an Expeditionary Learning School,Public School,713,83.0,113.0,15.8,396.0,55.5,341.0,47.8,25.2,1.4,47.0,25.4,0.0,0.1,0.8,51.6,48.4,16.1,89.8,0.0,0.0,3.1,90.0,76.0,84.4,0.0,22.4,48.7,28.9,44.7,22.4,3.9,40,49,31.0,9.0,0.0,0.0,0.0,18.0,18.0,7.0,4.0,2.0,73.5,26.5,94.0,433.0,428.0,433.0
Stoneham High,Public School,679,69.0,84.0,12.4,164.0,24.2,87.0,12.8,2.8,3.5,5.2,86.3,0.1,0.0,2.1,49.3,50.7,14.3,94.6,0.0,0.0,2.0,160.0,141.0,88.1,0.7,38.3,17.0,44.0,17.0,7.8,22.0,136,290,43.0,46.0,37.0,7.0,3.0,34.0,65.0,96.0,69.0,26.0,34.1,65.9,123.0,497.0,498.0,490.0
Stoughton High,Public School,1061,160.0,131.0,12.3,345.0,32.5,233.0,22.0,22.2,5.5,5.9,64.5,0.0,0.1,1.8,51.8,48.2,16.5,92.9,0.0,0.0,5.1,219.0,184.0,84.0,0.0,34.8,29.3,35.9,28.3,16.3,13.0,121,233,55.0,31.0,25.0,9.0,1.0,38.0,50.0,67.0,43.0,35.0,37.8,62.2,195.0,512.0,502.0,518.0
Sutton High School,Public School,426,2.0,46.0,10.8,65.0,15.3,30.0,7.0,0.2,0.9,1.6,92.5,0.2,0.0,4.5,49.1,50.9,16.9,95.5,0.0,0.9,1.8,106.0,92.0,86.8,0.0,42.4,7.6,50.0,7.6,18.5,12.0,117,200,59.0,40.0,12.0,5.0,1.0,39.0,43.0,66.0,32.0,20.0,41.0,59.0,96.0,523.0,502.0,521.0
Swampscott High,Public School,677,47.0,83.0,12.3,159.0,23.5,89.0,13.1,4.6,2.1,9.7,81.5,0.0,0.4,1.6,49.2,50.8,15.4,94.0,0.0,0.6,1.8,149.0,135.0,90.6,0.0,51.9,11.1,37.0,11.1,11.9,11.1,161,362,63.0,39.0,31.0,16.0,12.0,29.0,75.0,99.0,96.0,63.0,28.7,71.3,148.0,520.0,515.0,535.0
Joseph Case High,Public School,528,8.0,53.0,10.0,148.0,28.0,114.0,21.6,1.7,1.3,1.7,93.9,0.2,0.0,1.1,52.7,47.3,14.2,91.7,1.5,0.0,4.5,138.0,100.0,72.5,0.0,18.0,41.0,41.0,39.0,11.0,25.0,82,131,49.0,21.0,9.0,2.0,1.0,29.0,49.0,29.0,16.0,8.0,59.5,40.5,74.0,521.0,495.0,539.0
Tantasqua Regional Sr High,Public School,760,7.0,45.0,5.9,130.0,17.1,98.0,12.9,0.5,1.4,4.1,91.2,0.1,0.0,2.6,43.6,56.4,13.7,94.8,0.0,0.5,2.1,183.0,153.0,83.6,0.0,34.0,27.5,38.6,26.8,15.7,11.1,228,419,101.0,75.0,41.0,10.0,1.0,20.0,98.0,121.0,110.0,70.0,28.2,71.8,139.0,543.0,520.0,575.0
Tantasqua Regional Vocational,Public School,497,2.0,93.0,18.7,182.0,36.6,116.0,23.3,0.2,0.4,5.0,91.5,0.6,0.0,2.2,61.4,38.6,10.0,97.9,0.0,0.0,1.1,84.0,42.0,50.0,0.0,16.7,54.8,28.6,47.6,21.4,4.8,15,21,9.0,6.0,0.0,0.0,0.0,2.0,6.0,6.0,4.0,3.0,38.1,61.9,27.0,493.0,451.0,519.0
Taunton High,Public School,2502,247.0,366.0,14.6,1113.0,44.5,927.0,37.1,14.5,1.8,11.8,67.9,0.1,0.3,3.6,50.1,49.8,19.8,92.6,1.7,0.0,3.1,342.0,247.0,72.2,0.4,26.3,29.1,44.1,28.7,19.0,17.8,252,443,123.0,82.0,32.0,15.0,0.0,68.0,127.0,125.0,94.0,29.0,44.0,56.0,306.0,495.0,475.0,502.0
Tewksbury Memorial High,Public School,980,14.0,141.0,14.4,224.0,22.9,121.0,12.3,1.5,2.6,2.9,92.6,0.0,0.2,0.3,52.8,47.2,20.1,94.4,0.0,1.6,3.2,224.0,174.0,77.7,0.0,35.6,20.1,44.3,19.0,13.2,20.1,202,271,139.0,57.0,6.0,0.0,0.0,27.0,67.0,83.0,55.0,39.0,34.7,65.3,199.0,495.0,489.0,512.0
Tri-County Regional Vocational Technical,Public School,1023,5.0,302.0,29.5,438.0,42.8,213.0,20.8,0.4,0.7,4.6,89.2,0.4,0.2,4.5,55.0,44.9,16.8,96.0,0.0,0.9,2.2,238.0,139.0,58.4,0.7,31.7,31.7,36.0,25.9,18.7,13.7,63,89,46.0,8.0,9.0,0.0,0.0,29.0,22.0,25.0,7.0,6.0,57.3,42.7,112.0,489.0,460.0,494.0
Triton Regional High School,Public School,716,24.0,91.0,12.7,175.0,24.4,102.0,14.2,0.8,1.7,2.2,94.7,0.0,0.0,0.6,47.9,52.1,14.0,92.1,0.6,1.7,2.8,175.0,144.0,82.3,0.7,23.6,20.8,54.9,20.1,11.1,11.8,129,254,51.0,41.0,28.0,8.0,1.0,15.0,68.0,83.0,50.0,38.0,32.7,67.3,133.0,523.0,518.0,550.0
Tyngsborough High School,Public School,507,13.0,45.0,8.9,89.0,17.6,46.0,9.1,2.2,6.1,3.6,85.2,0.0,0.0,3.0,49.3,50.7,15.6,97.7,0.0,0.0,2.3,135.0,112.0,83.0,0.0,25.9,28.6,45.5,25.9,8.0,22.3,122,175,76.0,39.0,7.0,0.0,0.0,20.0,50.0,54.0,36.0,15.0,40.0,60.0,111.0,493.0,469.0,517.0
Uxbridge High,Public School,482,17.0,72.0,14.9,130.0,27.0,83.0,17.2,1.5,1.5,2.7,91.9,0.6,0.2,1.7,53.5,46.5,16.9,89.0,1.5,1.5,8.1,96.0,70.0,72.9,0.0,32.9,24.3,42.9,20.0,22.9,14.3,101,129,76.0,23.0,1.0,1.0,0.0,15.0,38.0,44.0,24.0,8.0,41.1,58.9,88.0,511.0,498.0,523.0
Wachusett Regional High,Public School,2140,69.0,268.0,12.5,411.0,19.2,183.0,8.6,1.9,3.2,4.1,88.9,0.0,0.2,1.7,47.3,52.7,17.6,95.4,0.4,0.4,2.7,486.0,411.0,84.6,0.0,36.5,23.6,39.9,23.4,19.0,11.7,381,673,201.0,99.0,58.0,16.0,7.0,21.0,58.0,160.0,241.0,193.0,11.7,88.3,472.0,538.0,524.0,554.0
Wakefield Memorial High,Public School,1016,31.0,143.0,14.1,239.0,23.5,129.0,12.7,3.1,3.1,2.9,88.6,0.2,0.3,2.0,47.9,52.1,14.6,96.9,0.4,0.8,0.8,257.0,225.0,87.5,0.0,39.1,14.7,46.2,14.2,18.2,16.0,172,326,74.0,59.0,25.0,12.0,2.0,16.0,69.0,98.0,86.0,57.0,26.1,73.9,215.0,524.0,521.0,537.0
Walpole High,Public School,1143,75.0,148.0,12.9,220.0,19.2,95.0,8.3,4.2,3.5,4.5,86.7,0.2,0.0,0.9,48.9,51.1,19.1,96.2,0.0,0.3,1.0,290.0,256.0,88.3,0.0,41.8,10.9,47.3,10.9,19.1,11.7,178,387,72.0,35.0,46.0,19.0,6.0,9.0,34.0,111.0,126.0,107.0,11.1,88.9,272.0,527.0,524.0,538.0
Waltham Sr High,Public School,1586,713.0,266.0,16.8,767.0,48.4,412.0,26.0,11.6,5.0,38.3,42.2,0.2,0.3,2.3,54.1,45.9,17.1,85.7,2.3,0.6,5.4,292.0,217.0,74.3,0.0,27.6,29.5,42.9,29.0,17.1,19.4,225,441,91.0,75.0,42.0,12.0,5.0,49.0,75.0,118.0,118.0,81.0,28.1,71.9,232.0,473.0,471.0,500.0
Ware Junior/Senior High School,Public School,475,11.0,79.0,16.6,229.0,48.2,193.0,40.6,2.5,1.1,8.8,83.8,0.4,0.2,3.2,52.4,47.6,18.8,76.5,0.0,4.4,16.2,48.0,28.0,58.3,0.0,39.3,25.0,35.7,25.0,17.9,10.7,31,40,22.0,9.0,0.0,0.0,0.0,1.0,15.0,13.0,8.0,3.0,40.0,60.0,30.0,482.0,448.0,487.0
Wareham Senior High,Public School,518,6.0,119.0,23.0,278.0,53.7,222.0,42.9,9.7,1.5,9.8,67.6,0.8,0.2,10.4,51.0,49.0,12.0,92.3,0.8,0.0,4.6,114.0,87.0,76.3,0.0,27.6,31.0,41.4,29.9,25.3,11.5,83,142,39.0,30.0,13.0,1.0,0.0,52.0,41.0,36.0,10.0,3.0,65.5,34.5,77.0,479.0,452.0,483.0
Watertown High,Public School,662,240.0,140.0,21.1,287.0,43.4,156.0,23.6,3.2,6.5,13.0,73.6,0.8,0.2,2.9,50.2,49.8,13.7,87.9,0.5,0.0,7.1,180.0,154.0,85.6,0.0,45.5,19.5,35.1,18.2,5.8,22.7,108,208,49.0,35.0,13.0,8.0,3.0,12.0,29.0,65.0,57.0,45.0,19.7,80.3,141.0,503.0,487.0,534.0
Wayland High School,Public School,828,71.0,170.0,20.5,200.0,24.2,30.0,3.6,4.8,15.0,5.4,70.4,0.0,0.1,4.2,53.1,46.9,14.9,98.7,0.0,0.0,0.4,206.0,180.0,87.4,0.0,53.9,5.0,41.1,4.4,3.3,13.3,203,409,97.0,44.0,32.0,23.0,7.0,7.0,22.0,67.0,127.0,186.0,7.1,92.9,201.0,595.0,593.0,619.0
Bartlett High School,Public School,443,51.0,70.0,15.8,224.0,50.6,181.0,40.9,4.3,2.9,14.7,73.1,0.0,0.0,5.0,54.2,45.8,15.7,66.7,0.9,0.9,24.3,91.0,64.0,70.3,0.0,26.6,29.7,43.8,29.7,32.8,7.8,127,216,58.0,49.0,20.0,0.0,0.0,67.0,94.0,37.0,13.0,5.0,74.5,25.5,53.0,493.0,470.0,491.0
Wellesley Sr High,Public School,1512,109.0,234.0,15.5,320.0,21.2,98.0,6.5,6.1,11.6,4.7,73.5,0.0,0.1,4.0,48.2,51.8,16.2,97.3,0.5,0.0,0.8,324.0,278.0,85.8,0.0,67.3,5.0,27.7,5.0,0.4,9.4,313,618,136.0,88.0,62.0,17.0,10.0,7.0,20.0,117.0,219.0,255.0,4.4,95.6,306.0,601.0,598.0,614.0
West Boylston Junior/Senior High,Public School,513,13.0,65.0,12.7,136.0,26.5,87.0,17.0,1.6,0.8,9.2,85.0,0.2,0.0,3.3,47.6,52.4,14.4,93.2,0.0,0.0,3.4,65.0,60.0,92.3,0.0,35.0,25.0,40.0,23.3,18.3,13.3,55,72,38.0,17.0,0.0,0.0,0.0,4.0,17.0,28.0,12.0,11.0,29.2,70.8,48.0,523.0,504.0,525.0
West Bridgewater Junior/Senior,Public School,619,5.0,49.0,7.9,129.0,20.8,87.0,14.1,3.1,1.3,2.4,90.8,0.2,0.2,2.1,44.9,55.1,17.3,98.2,0.0,0.0,0.9,99.0,86.0,86.9,0.0,31.4,18.6,50.0,18.6,29.1,14.0,108,166,61.0,36.0,11.0,0.0,0.0,36.0,51.0,41.0,21.0,17.0,52.4,47.6,94.0,506.0,496.0,508.0
West Springfield High,Public School,1219,351.0,230.0,18.9,595.0,48.8,469.0,38.5,3.6,6.8,14.4,73.2,0.1,0.1,1.9,52.3,47.7,15.3,86.3,2.4,0.3,5.8,235.0,165.0,70.2,0.0,23.0,51.5,25.5,49.1,13.3,6.7,232,446,83.0,97.0,39.0,13.0,0.0,99.0,159.0,109.0,58.0,21.0,57.8,42.2,145.0,487.0,479.0,508.0
Westborough High,Public School,1053,193.0,113.0,10.7,211.0,20.0,80.0,7.6,2.0,21.2,4.5,70.1,0.0,0.0,2.3,49.3,50.7,14.4,97.3,0.4,0.4,1.6,290.0,248.0,85.5,0.0,43.1,10.9,46.0,8.5,8.9,16.9,212,417,92.0,63.0,35.0,16.0,6.0,3.0,20.0,67.0,129.0,198.0,5.5,94.5,225.0,583.0,577.0,608.0
Westfield High,Public School,1269,69.0,192.0,15.1,444.0,35.0,337.0,26.6,2.9,3.2,11.1,80.6,0.2,0.2,1.9,45.3,54.7,17.3,84.2,1.8,0.6,7.9,340.0,262.0,77.1,0.0,29.0,37.4,33.6,36.6,18.7,7.3,404,676,235.0,102.0,44.0,14.0,9.0,198.0,202.0,155.0,63.0,58.0,59.2,40.8,188.0,527.0,503.0,526.0
Westford Academy,Public School,1680,169.0,165.0,9.8,224.0,13.3,61.0,3.6,0.7,20.5,1.1,74.1,0.0,0.0,3.6,51.0,49.0,19.7,98.6,0.0,0.2,0.5,409.0,372.0,91.0,0.0,40.6,11.3,48.1,10.8,8.1,16.7,397,772,188.0,106.0,60.0,27.0,16.0,3.0,28.0,115.0,230.0,396.0,4.0,96.0,382.0,594.0,580.0,612.0
Weston High,Public School,706,93.0,120.0,17.0,177.0,25.1,41.0,5.8,5.9,17.0,4.8,67.1,0.6,0.0,4.5,50.6,49.4,12.9,97.4,0.0,0.0,0.0,172.0,141.0,82.0,0.0,58.2,8.5,33.3,7.8,0.7,7.8,275,512,149.0,61.0,32.0,22.0,11.0,18.0,63.0,127.0,156.0,148.0,15.8,84.2,143.0,604.0,603.0,627.0
Westwood High,Public School,999,34.0,181.0,18.1,212.0,21.2,41.0,4.1,3.0,7.0,1.9,86.5,0.0,0.0,1.6,47.4,52.6,15.8,97.6,0.0,0.5,0.0,247.0,217.0,87.9,0.0,57.6,2.8,39.6,2.3,7.8,16.6,285,497,150.0,77.0,42.0,13.0,3.0,8.0,40.0,94.0,167.0,188.0,9.7,90.3,206.0,557.0,548.0,578.0
Weymouth High School,Public School,1953,156.0,300.0,15.4,693.0,35.5,483.0,24.7,4.3,4.8,6.8,81.3,0.2,0.0,2.7,52.0,48.0,16.6,88.5,0.0,1.7,5.7,461.0,289.0,62.7,1.0,28.7,28.4,41.9,27.0,18.0,15.9,212,409,93.0,62.0,39.0,15.0,3.0,27.0,74.0,139.0,106.0,63.0,24.7,75.3,342.0,503.0,491.0,510.0
Whitman Hanson Regional,Public School,1170,16.0,153.0,13.1,304.0,26.0,205.0,17.5,1.9,1.3,2.5,91.8,0.3,0.2,2.1,48.5,51.5,20.9,93.8,0.3,0.3,1.3,267.0,204.0,76.4,0.0,26.5,29.9,43.6,29.9,25.5,9.3,339,577,177.0,106.0,36.0,20.0,0.0,56.0,194.0,169.0,102.0,56.0,43.3,56.7,222.0,499.0,499.0,518.0
Wilmington High,Public School,891,21.0,116.0,13.0,173.0,19.4,72.0,8.1,2.4,5.2,3.0,87.5,0.1,0.1,1.7,49.4,50.6,14.5,94.1,0.5,1.0,1.5,244.0,212.0,86.9,0.9,41.0,17.0,41.0,17.0,8.5,17.5,137,191,97.0,29.0,8.0,3.0,0.0,18.0,41.0,60.0,46.0,26.0,30.9,69.1,181.0,514.0,508.0,527.0
Murdock High School,Public School,289,10.0,62.0,21.5,138.0,47.8,107.0,37.0,2.1,3.1,8.0,84.1,0.3,0.0,2.4,53.6,46.4,15.2,82.9,0.0,0.0,9.8,66.0,45.0,68.2,0.0,17.8,55.6,26.7,55.6,26.7,0.0,41,70,21.0,14.0,3.0,3.0,0.0,19.0,14.0,22.0,9.0,6.0,47.1,52.9,28.0,471.0,449.0,463.0
Winchester High School,Public School,1268,150.0,228.0,18.0,305.0,24.1,71.0,5.6,1.4,16.4,4.1,74.1,0.1,0.0,3.9,50.3,49.7,17.0,97.5,0.0,0.3,0.6,264.0,231.0,87.5,0.0,63.6,4.3,32.0,4.3,3.0,13.9,264,679,96.0,52.0,43.0,34.0,39.0,28.0,47.0,117.0,232.0,255.0,11.0,89.0,295.0,587.0,586.0,617.0
Winthrop High School,Public School,576,82.0,104.0,18.1,229.0,39.8,153.0,26.6,1.9,1.7,11.8,81.4,0.5,0.0,2.6,49.8,50.2,18.3,86.6,3.4,1.3,5.4,115.0,93.0,80.9,0.0,43.0,15.1,41.9,14.0,18.3,11.8,148,247,70.0,59.0,17.0,2.0,0.0,55.0,89.0,65.0,27.0,11.0,58.3,41.7,117.0,481.0,469.0,494.0
Woburn High,Public School,1333,234.0,190.0,14.3,470.0,35.3,293.0,22.0,6.1,6.4,11.9,73.8,0.1,0.2,1.6,49.1,50.8,16.4,88.6,0.9,0.9,5.1,300.0,229.0,76.3,0.0,34.9,24.9,40.2,24.5,15.3,17.9,181,330,93.0,45.0,28.0,12.0,3.0,35.0,78.0,102.0,76.0,39.0,34.2,65.8,260.0,495.0,481.0,516.0
Burncoat Senior High,Public School,1023,450.0,264.0,25.8,718.0,70.2,560.0,54.7,19.1,5.9,38.2,32.2,0.2,0.0,4.5,51.8,48.2,15.3,82.0,2.2,0.0,7.9,218.0,149.0,68.3,0.0,15.4,48.3,36.2,47.0,18.8,14.8,167,284,85.0,52.0,25.0,5.0,0.0,121.0,89.0,34.0,27.0,13.0,73.9,26.1,114.0,452.0,446.0,457.0
Claremont Academy,Public School,532,415.0,62.0,11.7,444.0,83.5,346.0,65.0,9.2,9.8,72.4,7.0,0.0,0.0,1.7,50.4,49.6,17.6,86.0,0.0,0.0,5.3,54.0,32.0,59.3,0.0,28.1,53.1,18.8,50.0,18.8,0.0,63,121,25.0,22.0,13.0,2.0,1.0,84.0,29.0,4.0,3.0,1.0,93.4,6.6,34.0,354.0,360.0,371.0
Doherty Memorial High,Public School,1555,745.0,257.0,16.5,916.0,58.9,683.0,43.9,16.1,7.8,31.7,40.6,0.3,0.0,3.5,54.5,45.5,13.5,84.4,1.6,1.0,6.3,303.0,228.0,75.2,0.0,20.2,32.5,47.4,31.1,23.7,19.7,287,484,150.0,98.0,25.0,8.0,6.0,109.0,145.0,123.0,68.0,39.0,52.5,47.5,253.0,468.0,453.0,484.0
North High,Public School,1307,754.0,332.0,25.4,1064.0,81.4,831.0,63.6,19.3,8.3,47.9,21.0,0.4,0.0,3.1,52.1,47.9,14.8,76.7,3.4,0.9,8.5,281.0,153.0,54.4,0.0,11.8,63.4,24.8,62.7,16.3,5.9,219,331,130.0,66.0,23.0,0.0,0.0,169.0,103.0,41.0,11.0,7.0,82.2,17.8,165.0,400.0,384.0,409.0
South High Community,Public School,1421,814.0,338.0,23.8,1078.0,75.9,832.0,58.6,17.1,12.7,43.7,23.9,0.1,0.0,2.5,52.9,47.1,16.0,76.4,1.9,1.2,6.5,274.0,166.0,60.6,0.0,14.5,49.4,36.1,45.8,20.5,14.5,366,672,178.0,101.0,60.0,23.0,4.0,269.0,162.0,130.0,75.0,36.0,64.1,35.9,156.0,440.0,432.0,473.0
University Pk Campus School,Public School,254,174.0,28.0,11.0,174.0,68.5,145.0,57.1,11.4,19.7,53.5,11.8,0.4,0.0,3.1,55.1,44.9,19.3,92.7,2.4,0.0,0.0,29.0,21.0,72.4,0.0,52.4,23.8,23.8,23.8,9.5,9.5,61,90,42.0,11.0,6.0,2.0,0.0,46.0,23.0,15.0,5.0,1.0,76.7,23.3,37.0,435.0,428.0,471.0
Worcester Technical High,Public School,1389,564.0,175.0,12.6,792.0,57.0,609.0,43.8,16.6,6.6,36.8,37.1,0.0,0.0,3.0,42.6,57.4,16.2,95.9,0.3,0.6,1.3,338.0,227.0,67.2,0.0,20.3,52.0,27.8,51.1,22.5,4.0,197,259,141.0,50.0,6.0,0.0,0.0,107.0,73.0,56.0,19.0,4.0,69.5,30.5,209.0,432.0,422.0,437.0
